"Hybrid_Name","Line","Env","NPP","PYPP","SYPP","YPH"
"24×37-2275","24×37-2275","ALIYARNAGAR_R15",18.68,14.89,8.94,1920.07
"24×39-31MR","24×39-31MR","ALIYARNAGAR_R15",11.01,6.05,2.39,1457.48
"24M-86","24M-86","ALIYARNAGAR_R15",13.92,9.43,4.62,557.67
"26×27-164","26×27-164","ALIYARNAGAR_R15",14.13,10.54,6.85,880.69
"26×37-IV-9IR","26×37-IV-9IR","ALIYARNAGAR_R15",20.18,12.66,7.88,1042.62
"26×M-223-1","26×M-223-1","ALIYARNAGAR_R15",10.51,7.42,4.5,1118.28
"26×M-95-1RI","26×M-95-1RI","ALIYARNAGAR_R15",16.75,10.35,5.12,1657.31
"26M-119-1","26M-119-1","ALIYARNAGAR_R15",16.73,12.93,8.05,907.69
"26M156-2","26M156-2","ALIYARNAGAR_R15",7.98,6.68,2.59,1741.19
"27×49-12","27×49-12","ALIYARNAGAR_R15",12.65,10.91,6.22,1021.3
"27×49-14","27×49-14","ALIYARNAGAR_R15",8.64,8.18,4.29,1009.41
"27×49-16","27×49-16","ALIYARNAGAR_R15",6.74,4.95,2.59,960.54
"27×49-27-1","27×49-27-1","ALIYARNAGAR_R15",16.73,9.88,5.54,757.51
"39×49-77","39×49-77","ALIYARNAGAR_R15",8.45,6.61,3.56,1443.25
"39×49-8","39×49-8","ALIYARNAGAR_R15",16.85,11.86,6.81,1719.91
"39×49-81-1","39×49-81-1","ALIYARNAGAR_R15",17.6,10.74,6.37,1187.75
"49×27-13(ii)","49×27-13(ii)","ALIYARNAGAR_R15",8.63,8.25,4.33,1051.24
"49×27-19","49×27-19","ALIYARNAGAR_R15",19.31,13.14,6.85,900.32
"49×27-37","49×27-37","ALIYARNAGAR_R15",16.05,7.89,4.2,852.42
"49×37-134","49×37-134","ALIYARNAGAR_R15",19.05,13.45,7.23,746.9
"49×37-135","49×37-135","ALIYARNAGAR_R15",12.72,7.51,4.85,828.92
"49×37-90","49×37-90","ALIYARNAGAR_R15",14.53,11.48,7.01,1640.57
"49×37-91","49×37-91","ALIYARNAGAR_R15",17.86,8.98,4.64,922.57
"49×37-97-1","49×37-97-1","ALIYARNAGAR_R15",8.46,10.24,6.08,739.77
"49×37-99(b)tall","49×37-99(b)tall","ALIYARNAGAR_R15",10.2,12.29,6.7,754.6
"49×39-20-2","49×39-20-2","ALIYARNAGAR_R15",15.88,12.26,6.56,1262.73
"49×39-21-1","49×39-21-1","ALIYARNAGAR_R15",13.25,8.64,5.31,1015.59
"49×39-21-2","49×39-21-2","ALIYARNAGAR_R15",14.82,9.45,5.8,1129.9
"49×39-21-2(a)","49×39-21-2(a)","ALIYARNAGAR_R15",33.56,22.15,13.08,961.96
"49×39-74","49×39-74","ALIYARNAGAR_R15",20.29,9.1,5.76,1193.11
"49×39-8","49×39-8","ALIYARNAGAR_R15",10.81,8.16,4.67,1373.78
"49M-1-1","49M-1-1","ALIYARNAGAR_R15",14.13,13.59,8.09,868.49
"49M-16","49M-16","ALIYARNAGAR_R15",20.65,12.55,7.74,1623.08
"49M-2-2","49M-2-2","ALIYARNAGAR_R15",18,19.17,9.28,2026.04
"BAU13","BAU13","ALIYARNAGAR_R15",11.07,13.93,9.7,1411.61
"CS39","CS39","ALIYARNAGAR_R15",10.57,6.93,3.73,1167.58
"CSMG84-1","CSMG84-1","ALIYARNAGAR_R15",14.56,9.63,4.69,1094.82
"DH86","DH86","ALIYARNAGAR_R15",14.89,11.75,8.33,3063.72
"DTG15","DTG15","ALIYARNAGAR_R15",12.01,8.09,5.03,1081.23
"DTG3","DTG3","ALIYARNAGAR_R15",15.77,10.6,6.84,1596.03
"Faizpur1-5","Faizpur1-5","ALIYARNAGAR_R15",11.05,7.65,4.8,662.4
"Gangapuri","Gangapuri","ALIYARNAGAR_R15",8.17,6.75,4.08,863.04
"GPBD4","GPBD4","ALIYARNAGAR_R15",16.54,10.55,6.35,1731.27
"ICG10036","ICG10036","ALIYARNAGAR_R15",12.94,13.2,7.3,1381.54
"ICG10053","ICG10053","ALIYARNAGAR_R15",13.49,11.14,7.32,982.1
"ICG10185","ICG10185","ALIYARNAGAR_R15",11.59,8.86,5.23,504.95
"ICG10701","ICG10701","ALIYARNAGAR_R15",8.82,5.35,3.52,685.18
"ICG11088","ICG11088","ALIYARNAGAR_R15",13.61,12,6.86,1561.26
"ICG111","ICG111","ALIYARNAGAR_R15",13.62,10.4,6.3,581.51
"ICG11322","ICG11322","ALIYARNAGAR_R15",11.34,6.39,3.92,977.23
"ICG11337","ICG11337","ALIYARNAGAR_R15",16.01,11.41,5.71,756.71
"ICG11426","ICG11426","ALIYARNAGAR_R15",17.38,12.08,7.71,995.15
"ICG11651","ICG11651","ALIYARNAGAR_R15",17.83,15.56,8.14,1513.52
"ICG12276","ICG12276","ALIYARNAGAR_R15",10.47,7.1,3.93,629.86
"ICG12370","ICG12370","ALIYARNAGAR_R15",15.51,10.27,5.94,657.7
"ICG12509","ICG12509","ALIYARNAGAR_R15",9.15,6.12,4.12,1294.25
"ICG12625","ICG12625","ALIYARNAGAR_R15",10.05,6.42,3.37,661.82
"ICG12672","ICG12672","ALIYARNAGAR_R15",18.03,9.66,5.8,814.22
"ICG12879","ICG12879","ALIYARNAGAR_R15",6.81,3.8,2.29,434.21
"ICG12991","ICG12991","ALIYARNAGAR_R15",15.52,8.67,5.58,436.88
"ICG13895","ICG13895","ALIYARNAGAR_R15",5.15,3.61,2.18,710.55
"ICG14466","ICG14466","ALIYARNAGAR_R15",17,10.7,7.12,2756.74
"ICG14475","ICG14475","ALIYARNAGAR_R15",9.96,8.31,5.11,732.7
"ICG14482","ICG14482","ALIYARNAGAR_R15",9.53,8.59,5.15,1098.7
"ICG14705","ICG14705","ALIYARNAGAR_R15",11.24,7.16,4.84,911.33
"ICG14834","ICG14834","ALIYARNAGAR_R15",5.34,3.87,2.15,631.71
"ICG14985","ICG14985","ALIYARNAGAR_R15",13.32,10.58,6.4,1030.48
"ICG15190","ICG15190","ALIYARNAGAR_R15",8.83,6.43,4.49,555.65
"ICG15415","ICG15415","ALIYARNAGAR_R15",14.18,10.98,6.51,1025.87
"ICG15419","ICG15419","ALIYARNAGAR_R15",3.13,4.82,2.64,1257.79
"ICG156(M13)","ICG156(M13)","ALIYARNAGAR_R15",17.63,4.73,3.6,1094.53
"ICG1668","ICG1668","ALIYARNAGAR_R15",10.7,6.82,4.61,872.31
"ICG1834","ICG1834","ALIYARNAGAR_R15",16.59,11.15,7.42,1024.09
"ICG1973","ICG1973","ALIYARNAGAR_R15",19.01,10.23,6.93,386.32
"ICG2031","ICG2031","ALIYARNAGAR_R15",10,5.41,3.72,536.84
"ICG2106","ICG2106","ALIYARNAGAR_R15",21.69,12.46,8.61,460.26
"ICG2381","ICG2381","ALIYARNAGAR_R15",13.34,11.1,6.01,3049.85
"ICG2773","ICG2773","ALIYARNAGAR_R15",11.46,8.27,5.54,423.49
"ICG2857","ICG2857","ALIYARNAGAR_R15",12.72,10.13,6.23,665.64
"ICG3027","ICG3027","ALIYARNAGAR_R15",10.95,7.76,4.77,842.32
"ICG3053","ICG3053","ALIYARNAGAR_R15",15.21,11.71,7.15,754.71
"ICG3102","ICG3102","ALIYARNAGAR_R15",11.11,8.62,5.74,1242.37
"ICG3140","ICG3140","ALIYARNAGAR_R15",9.81,6.12,3.56,590.27
"ICG3312","ICG3312","ALIYARNAGAR_R15",14.13,7.84,5.74,751.59
"ICG3343","ICG3343","ALIYARNAGAR_R15",15.03,11.64,7.35,504.94
"ICG3421","ICG3421","ALIYARNAGAR_R15",14.88,9.3,5.88,716.33
"ICG3584","ICG3584","ALIYARNAGAR_R15",10.12,8.52,3.67,993.39
"ICG3673","ICG3673","ALIYARNAGAR_R15",5.16,4.31,2.64,1421.14
"ICG3746","ICG3746","ALIYARNAGAR_R15",13.91,8.3,5.9,559.92
"ICG434","ICG434","ALIYARNAGAR_R15",7.2,4.59,2.89,692.38
"ICG4343","ICG4343","ALIYARNAGAR_R15",9.25,7.43,4.81,746.47
"ICG442","ICG442","ALIYARNAGAR_R15",11.68,8,5.29,955.58
"ICG4527","ICG4527","ALIYARNAGAR_R15",16.78,13.64,8.33,1089.26
"ICG4543","ICG4543","ALIYARNAGAR_R15",15.61,7.39,4.83,687.95
"ICG4729","ICG4729","ALIYARNAGAR_R15",14.22,9.36,6.13,646.26
"ICG4955","ICG4955","ALIYARNAGAR_R15",13.22,8.63,5.49,1246.7
"ICG5221","ICG5221","ALIYARNAGAR_R15",9.23,8.57,4.96,939.68
"ICG532","ICG532","ALIYARNAGAR_R15",15.78,9.17,5.64,502.86
"ICG5662","ICG5662","ALIYARNAGAR_R15",10.75,13.59,4.95,2205.23
"ICG5663","ICG5663","ALIYARNAGAR_R15",8.35,7.24,5.01,521.56
"ICG5745","ICG5745","ALIYARNAGAR_R15",8.41,7.74,4.89,1048.45
"ICG5891","ICG5891","ALIYARNAGAR_R15",13.51,8.71,5.39,748.02
"ICG6022","ICG6022","ALIYARNAGAR_R15",10.66,15.23,8.12,1121.69
"ICG6646","ICG6646","ALIYARNAGAR_R15",5.07,8.36,4.36,861.98
"ICG6766","ICG6766","ALIYARNAGAR_R15",7.55,7.63,4.51,472.05
"ICG721","ICG721","ALIYARNAGAR_R15",22.62,20.17,12.95,887.55
"ICG8285","ICG8285","ALIYARNAGAR_R15",15.61,13.14,7.99,766.25
"ICG8517","ICG8517","ALIYARNAGAR_R15",7.7,6.18,3.83,695.51
"ICG875","ICG875","ALIYARNAGAR_R15",12.71,10.12,6.22,387.36
"ICG8751","ICG8751","ALIYARNAGAR_R15",10.28,11.14,6.67,1702.99
"ICG9315","ICG9315","ALIYARNAGAR_R15",14.61,8.7,4.46,744.54
"ICG9507","ICG9507","ALIYARNAGAR_R15",9.63,6.42,4.3,632.16
"ICG9961","ICG9961","ALIYARNAGAR_R15",13.96,8.45,5.45,884.46
"ICGS11","ICGS11","ALIYARNAGAR_R15",12.9,8.25,5.46,1340.4
"ICGS44","ICGS44","ALIYARNAGAR_R15",20.05,15.86,9.69,964.11
"ICGS76","ICGS76","ALIYARNAGAR_R15",18.54,14.45,7.72,1139.37
"ICGV00005","ICGV00005","ALIYARNAGAR_R15",19.76,13.49,7.64,1230.29
"ICGV00068","ICGV00068","ALIYARNAGAR_R15",19.47,14.59,7.93,1336.68
"ICGV00191","ICGV00191","ALIYARNAGAR_R15",18.43,12.91,7.96,1760.56
"ICGV00246","ICGV00246","ALIYARNAGAR_R15",11.53,8.59,5.33,1604.76
"ICGV00248","ICGV00248","ALIYARNAGAR_R15",11.87,9,5.32,2439.8
"ICGV00290","ICGV00290","ALIYARNAGAR_R15",15.8,13.22,7.96,2838.86
"ICGV00321","ICGV00321","ALIYARNAGAR_R15",12.07,10.02,6.85,3108.59
"ICGV00343","ICGV00343","ALIYARNAGAR_R15",12.49,11.07,6.57,642.53
"ICGV00346","ICGV00346","ALIYARNAGAR_R15",10.22,9.57,5.34,1737.47
"ICGV00349","ICGV00349","ALIYARNAGAR_R15",11.98,10.14,5.64,707.28
"ICGV00350","ICGV00350","ALIYARNAGAR_R15",13.83,8.14,5.32,1497.96
"ICGV00351","ICGV00351","ALIYARNAGAR_R15",16.25,10.89,6.89,1606.21
"ICGV00362","ICGV00362","ALIYARNAGAR_R15",23.33,15.38,9.64,1673.03
"ICGV00371","ICGV00371","ALIYARNAGAR_R15",14.48,7.96,4.09,915.04
"ICGV00387","ICGV00387","ALIYARNAGAR_R15",11.31,9.53,5.44,2084.06
"ICGV00440","ICGV00440","ALIYARNAGAR_R15",8.9,12.44,7.91,2355.15
"ICGV01005","ICGV01005","ALIYARNAGAR_R15",7.22,6.33,3.89,649.64
"ICGV01060","ICGV01060","ALIYARNAGAR_R15",13.85,9.78,6.66,1488.39
"ICGV01124","ICGV01124","ALIYARNAGAR_R15",16.45,9.98,6.17,1037.45
"ICGV01232","ICGV01232","ALIYARNAGAR_R15",10.41,11.34,6.36,1670.38
"ICGV01263","ICGV01263","ALIYARNAGAR_R15",21.79,21.54,12.24,1959.09
"ICGV01265","ICGV01265","ALIYARNAGAR_R15",24.5,11.67,6,2176.93
"ICGV01273","ICGV01273","ALIYARNAGAR_R15",23.48,15.76,10.35,2112.53
"ICGV01274","ICGV01274","ALIYARNAGAR_R15",20.18,14.18,8.76,2577.07
"ICGV01276","ICGV01276","ALIYARNAGAR_R15",28.04,20.21,13.6,2273.79
"ICGV01328","ICGV01328","ALIYARNAGAR_R15",19.54,15.03,8.74,2990.49
"ICGV01361","ICGV01361","ALIYARNAGAR_R15",12.29,12.07,7.07,2530.08
"ICGV01393","ICGV01393","ALIYARNAGAR_R15",7,7.6,4.69,1312.36
"ICGV01464","ICGV01464","ALIYARNAGAR_R15",10.23,10.97,5.58,1776.73
"ICGV01478","ICGV01478","ALIYARNAGAR_R15",18.75,23.77,14.6,3032.97
"ICGV01495","ICGV01495","ALIYARNAGAR_R15",18.69,18.11,11.43,2640.93
"ICGV02022","ICGV02022","ALIYARNAGAR_R15",12.83,8.59,5.57,1247.25
"ICGV02038","ICGV02038","ALIYARNAGAR_R15",14.6,5.23,3.47,583.75
"ICGV02125","ICGV02125","ALIYARNAGAR_R15",9.89,5.97,3.59,2185.08
"ICGV02144","ICGV02144","ALIYARNAGAR_R15",9.56,6.86,4.31,1585.91
"ICGV02189","ICGV02189","ALIYARNAGAR_R15",11.23,10.12,6.42,1196.49
"ICGV02194","ICGV02194","ALIYARNAGAR_R15",15.86,8.74,5.37,1856.86
"ICGV02206","ICGV02206","ALIYARNAGAR_R15",9.8,7.5,4.76,631.53
"ICGV02242","ICGV02242","ALIYARNAGAR_R15",12.32,13.65,7.49,2510.27
"ICGV02251","ICGV02251","ALIYARNAGAR_R15",13.94,10.11,6.78,1284.17
"ICGV02266","ICGV02266","ALIYARNAGAR_R15",19.82,15.98,9.97,2315.63
"ICGV02271","ICGV02271","ALIYARNAGAR_R15",15.89,12.84,8.72,1121.81
"ICGV02286","ICGV02286","ALIYARNAGAR_R15",17.7,10.78,6.72,1563.31
"ICGV02287","ICGV02287","ALIYARNAGAR_R15",22,16.73,11.12,1115.06
"ICGV02290","ICGV02290","ALIYARNAGAR_R15",13.47,11.23,7.83,1487.82
"ICGV02298","ICGV02298","ALIYARNAGAR_R15",15.32,13.58,8.87,1262.45
"ICGV02317","ICGV02317","ALIYARNAGAR_R15",13.21,9.04,5.63,1251.25
"ICGV02321","ICGV02321","ALIYARNAGAR_R15",19.59,10.48,7.34,2214.15
"ICGV02323","ICGV02323","ALIYARNAGAR_R15",30.4,20.52,14.6,2234.68
"ICGV02411","ICGV02411","ALIYARNAGAR_R15",18.8,13.86,7.4,2307.45
"ICGV02434","ICGV02434","ALIYARNAGAR_R15",16.97,9.64,5.42,1636.05
"ICGV02446","ICGV02446","ALIYARNAGAR_R15",11.93,10.18,5.22,994.77
"ICGV03042","ICGV03042","ALIYARNAGAR_R15",18.31,13.11,8.09,2009.73
"ICGV03043","ICGV03043","ALIYARNAGAR_R15",16.86,12.77,7.84,2947.17
"ICGV03056","ICGV03056","ALIYARNAGAR_R15",9.84,9.44,6.3,1855.11
"ICGV03064","ICGV03064","ALIYARNAGAR_R15",8.56,9.28,5.41,2606.81
"ICGV03128","ICGV03128","ALIYARNAGAR_R15",29.91,22.91,13.5,1736.92
"ICGV03136","ICGV03136","ALIYARNAGAR_R15",8.58,10.54,6.41,452.95
"ICGV03184","ICGV03184","ALIYARNAGAR_R15",6.9,5.58,3.83,1008.35
"ICGV03207","ICGV03207","ALIYARNAGAR_R15",27.87,21.31,13.95,1483.7
"ICGV03397","ICGV03397","ALIYARNAGAR_R15",11.46,7.47,4.83,1134.48
"ICGV03398","ICGV03398","ALIYARNAGAR_R15",17.55,12.98,7.73,1729.7
"ICGV04018","ICGV04018","ALIYARNAGAR_R15",12.28,8.67,5.84,523.73
"ICGV04044","ICGV04044","ALIYARNAGAR_R15",22.38,14.48,8.18,2092.92
"ICGV04087","ICGV04087","ALIYARNAGAR_R15",29.01,19.62,10.94,1625.9
"ICGV04115","ICGV04115","ALIYARNAGAR_R15",15.38,11.36,6.64,1072.68
"ICGV04124","ICGV04124","ALIYARNAGAR_R15",14.32,7.56,4.56,623.09
"ICGV04149","ICGV04149","ALIYARNAGAR_R15",10.47,6.28,3.6,625.27
"ICGV05032","ICGV05032","ALIYARNAGAR_R15",11.61,9.54,5.44,2244.41
"ICGV05036","ICGV05036","ALIYARNAGAR_R15",15.83,12.97,7.61,2254.07
"ICGV05057","ICGV05057","ALIYARNAGAR_R15",16.94,13.06,7.65,2813.24
"ICGV05100","ICGV05100","ALIYARNAGAR_R15",17.03,10.83,6.23,2117.88
"ICGV05141","ICGV05141","ALIYARNAGAR_R15",10.33,7.73,4.74,1491
"ICGV05155","ICGV05155","ALIYARNAGAR_R15",21.77,15.7,9.08,2862.67
"ICGV05161","ICGV05161","ALIYARNAGAR_R15",11.03,9.81,6.81,2564.4
"ICGV05163","ICGV05163","ALIYARNAGAR_R15",23.21,18.64,11.41,3560.61
"ICGV05176","ICGV05176","ALIYARNAGAR_R15",10.79,15.13,9.47,1654.45
"ICGV05198","ICGV05198","ALIYARNAGAR_R15",19.85,29.03,17.21,3032.43
"ICGV06040","ICGV06040","ALIYARNAGAR_R15",18,13.86,8.54,2338.57
"ICGV06042","ICGV06042","ALIYARNAGAR_R15",19.49,12.99,8.17,2368.19
"ICGV06049","ICGV06049","ALIYARNAGAR_R15",11.39,8.86,6.29,676.7
"ICGV06099","ICGV06099","ALIYARNAGAR_R15",22.81,21.35,13.16,2846.51
"ICGV06110","ICGV06110","ALIYARNAGAR_R15",10.31,9.74,5,916.75
"ICGV06142","ICGV06142","ALIYARNAGAR_R15",26.85,17.27,10.66,3283.43
"ICGV06175","ICGV06175","ALIYARNAGAR_R15",21.19,14.55,8.33,1378.01
"ICGV06188","ICGV06188","ALIYARNAGAR_R15",11.88,14.3,9.39,2493.22
"ICGV06234","ICGV06234","ALIYARNAGAR_R15",11,9.48,5.78,1027.05
"ICGV06347","ICGV06347","ALIYARNAGAR_R15",11.89,8.19,5.55,2260.82
"ICGV06420","ICGV06420","ALIYARNAGAR_R15",22.34,13.64,7.63,1888.36
"ICGV06422","ICGV06422","ALIYARNAGAR_R15",25.12,10.76,6.84,2060.44
"ICGV06423","ICGV06423","ALIYARNAGAR_R15",18.36,10.63,6.24,2250.72
"ICGV06424","ICGV06424","ALIYARNAGAR_R15",17.22,9.74,5.74,1945.24
"ICGV06431","ICGV06431","ALIYARNAGAR_R15",22.65,17.1,10.13,2099.92
"ICGV07023","ICGV07023","ALIYARNAGAR_R15",7.64,5.7,4.07,862.59
"ICGV07120","ICGV07120","ALIYARNAGAR_R15",24.75,16.13,10.27,2736.71
"ICGV07145","ICGV07145","ALIYARNAGAR_R15",14.4,11.42,5.74,1516.08
"ICGV07148","ICGV07148","ALIYARNAGAR_R15",17.7,12.44,6.48,1571.56
"ICGV07166","ICGV07166","ALIYARNAGAR_R15",26.7,18.57,11,2627.45
"ICGV07168","ICGV07168","ALIYARNAGAR_R15",13.18,10.86,6.7,1615.3
"ICGV07210","ICGV07210","ALIYARNAGAR_R15",16.04,8.22,5.34,1478.11
"ICGV07217","ICGV07217","ALIYARNAGAR_R15",10.05,5.08,3.39,667.94
"ICGV07220","ICGV07220","ALIYARNAGAR_R15",20.93,12.3,6.67,1251.77
"ICGV07223","ICGV07223","ALIYARNAGAR_R15",15.55,12.56,8.63,2351.19
"ICGV07227","ICGV07227","ALIYARNAGAR_R15",19.41,11.62,7.02,2228.76
"ICGV07235","ICGV07235","ALIYARNAGAR_R15",22.15,16.43,10.37,2668.55
"ICGV07246","ICGV07246","ALIYARNAGAR_R15",20.85,16.84,11.16,3117.18
"ICGV07247","ICGV07247","ALIYARNAGAR_R15",20.46,13.68,8.61,2625.39
"ICGV07268","ICGV07268","ALIYARNAGAR_R15",20.12,18.31,13.02,1259.26
"ICGV07273","ICGV07273","ALIYARNAGAR_R15",13.95,8.84,5.92,937.04
"ICGV07359","ICGV07359","ALIYARNAGAR_R15",8.21,8.91,5.48,1576.65
"ICGV07368","ICGV07368","ALIYARNAGAR_R15",9.49,9.62,6.13,1496.99
"ICGV09112","ICGV09112","ALIYARNAGAR_R15",15.92,9.57,5.62,821.98
"ICGV86011","ICGV86011","ALIYARNAGAR_R15",20.72,14.22,8.55,1185.19
"ICGV86015","ICGV86015","ALIYARNAGAR_R15",11.57,7.43,4.48,696.9
"ICGV86072","ICGV86072","ALIYARNAGAR_R15",13.43,11.27,7.05,1143.97
"ICGV86143","ICGV86143","ALIYARNAGAR_R15",16.92,13.04,8.62,1049.9
"ICGV86325","ICGV86325","ALIYARNAGAR_R15",8.54,5.81,3.85,1000.43
"ICGV86352","ICGV86352","ALIYARNAGAR_R15",11.2,8.16,4.86,1156.39
"ICGV86564","ICGV86564","ALIYARNAGAR_R15",14.31,17.04,9.78,1076.75
"ICGV86590","ICGV86590","ALIYARNAGAR_R15",14.67,13.28,7.59,2238.36
"ICGV86699","ICGV86699","ALIYARNAGAR_R15",26.59,15.52,8.52,1224.79
"ICGV87160","ICGV87160","ALIYARNAGAR_R15",17.1,9.3,5.57,690
"ICGV87187","ICGV87187","ALIYARNAGAR_R15",16.76,10.89,6.85,879.93
"ICGV87354","ICGV87354","ALIYARNAGAR_R15",6.01,5.2,2.69,657.73
"ICGV87378","ICGV87378","ALIYARNAGAR_R15",12.09,9.97,6.47,1128.98
"ICGV87846","ICGV87846","ALIYARNAGAR_R15",20.77,14.26,8.39,2042.66
"ICGV87921","ICGV87921","ALIYARNAGAR_R15",13.88,10.53,5.7,2224.6
"ICGV88145","ICGV88145","ALIYARNAGAR_R15",14.31,10.55,6.69,1561.82
"ICGV88438","ICGV88438","ALIYARNAGAR_R15",10.1,6.42,3.84,1426.16
"ICGV89104","ICGV89104","ALIYARNAGAR_R15",13.11,7.16,4.53,602.05
"ICGV90320","ICGV90320","ALIYARNAGAR_R15",17.38,13.39,7.99,1741.19
"ICGV91114","ICGV91114","ALIYARNAGAR_R15",8.73,5.11,3.56,654.89
"ICGV91116","ICGV91116","ALIYARNAGAR_R15",18.21,13.94,8.41,806.19
"ICGV92195","ICGV92195","ALIYARNAGAR_R15",13.05,6.92,4.22,830.58
"ICGV92267","ICGV92267","ALIYARNAGAR_R15",11.79,10.56,5.4,1300.54
"ICGV93216","ICGV93216","ALIYARNAGAR_R15",21.11,13.86,9.22,2007.28
"ICGV93280","ICGV93280","ALIYARNAGAR_R15",20.2,10.41,6.06,1409.19
"ICGV93437","ICGV93437","ALIYARNAGAR_R15",12.27,9.94,6.41,1283.51
"ICGV93470","ICGV93470","ALIYARNAGAR_R15",16.32,12.52,7.5,2264.62
"ICGV93920","ICGV93920","ALIYARNAGAR_R15",22.18,13.69,8.41,2468.8
"ICGV94118","ICGV94118","ALIYARNAGAR_R15",9.74,8.36,5.39,546.87
"ICGV94169","ICGV94169","ALIYARNAGAR_R15",8.21,10.6,6.27,1254.32
"ICGV94361","ICGV94361","ALIYARNAGAR_R15",14.38,9.06,6.54,745
"ICGV95058","ICGV95058","ALIYARNAGAR_R15",16.54,11.36,7.45,1571.5
"ICGV95070","ICGV95070","ALIYARNAGAR_R15",11.92,6.61,3.89,722.1
"ICGV95290","ICGV95290","ALIYARNAGAR_R15",17.16,13.17,8.86,766.72
"ICGV95377","ICGV95377","ALIYARNAGAR_R15",8.91,8.12,5.67,1061.17
"ICGV95469","ICGV95469","ALIYARNAGAR_R15",20,14.49,10.22,1186.24
"ICGV96466","ICGV96466","ALIYARNAGAR_R15",11.43,6.27,4.33,1247.64
"ICGV96468","ICGV96468","ALIYARNAGAR_R15",8.29,6.1,3.38,1332.81
"ICGV97045","ICGV97045","ALIYARNAGAR_R15",10.86,11.15,5.85,2011.44
"ICGV97058","ICGV97058","ALIYARNAGAR_R15",12.87,13.81,8.18,2120.53
"ICGV97092","ICGV97092","ALIYARNAGAR_R15",17.39,11.95,8.27,2288.65
"ICGV97115","ICGV97115","ALIYARNAGAR_R15",18.14,12.87,7.58,1462.34
"ICGV97116","ICGV97116","ALIYARNAGAR_R15",17.18,12.22,7.97,1416.76
"ICGV97120","ICGV97120","ALIYARNAGAR_R15",10.64,9.16,5.93,2162.32
"ICGV97128","ICGV97128","ALIYARNAGAR_R15",15.9,10.83,6.04,2418.28
"ICGV97165","ICGV97165","ALIYARNAGAR_R15",10.29,8.78,4.53,1436.22
"ICGV97182","ICGV97182","ALIYARNAGAR_R15",9.99,6.5,3.6,756
"ICGV97183","ICGV97183","ALIYARNAGAR_R15",11.66,9.84,6.32,1362.53
"ICGV97232","ICGV97232","ALIYARNAGAR_R15",10.9,7.49,4.87,1831.12
"ICGV97261","ICGV97261","ALIYARNAGAR_R15",15.35,8.53,5.76,1098.79
"ICGV97262","ICGV97262","ALIYARNAGAR_R15",24.13,17.84,11.81,901.1
"ICGV98105","ICGV98105","ALIYARNAGAR_R15",21.64,16.12,10.35,2726.88
"ICGV98163","ICGV98163","ALIYARNAGAR_R15",21.56,13.64,8.01,2034.75
"ICGV98184","ICGV98184","ALIYARNAGAR_R15",19.47,11.61,6.51,1797.74
"ICGV98294","ICGV98294","ALIYARNAGAR_R15",12.45,10.36,6.44,1890.03
"ICGV98373","ICGV98373","ALIYARNAGAR_R15",21.18,16.36,9.78,2120.97
"ICGV98432","ICGV98432","ALIYARNAGAR_R15",20.2,20.65,12.08,1209.48
"ICGV99029","ICGV99029","ALIYARNAGAR_R15",23.35,14.7,8.44,1998.89
"ICGV99051","ICGV99051","ALIYARNAGAR_R15",34.55,25.88,14.65,2200.96
"ICGV99052","ICGV99052","ALIYARNAGAR_R15",18.49,12.89,7,2300.64
"ICGV99083","ICGV99083","ALIYARNAGAR_R15",8.53,7.81,4.31,908.64
"ICGV99085","ICGV99085","ALIYARNAGAR_R15",14.74,8.99,5.28,1344.48
"ICGV99160","ICGV99160","ALIYARNAGAR_R15",15.5,13.59,7.81,2227.44
"ICGV99181","ICGV99181","ALIYARNAGAR_R15",12.14,10.74,6.5,1524.24
"ICGV99195","ICGV99195","ALIYARNAGAR_R15",13.8,9.5,6.25,715.44
"ICGV99233","ICGV99233","ALIYARNAGAR_R15",18.37,13.98,7.61,941.89
"ICR48","ICR48","ALIYARNAGAR_R15",12.71,8.39,5.25,1126.68
"J11","J11","ALIYARNAGAR_R15",13.68,8.49,5.35,753.53
"JL24","JL24","ALIYARNAGAR_R15",11.47,7.08,4.68,549.5
"M110-14","M110-14","ALIYARNAGAR_R15",15.73,13.16,8.14,945.26
"M28-2","M28-2","ALIYARNAGAR_R15",17.85,13.65,6.45,1114.59
"MN1-35","MN1-35","ALIYARNAGAR_R15",11.94,7.4,3.05,2166.93
"Mutant3","Mutant3","ALIYARNAGAR_R15",15.1,10.73,6.88,1286.7
"Somnath","Somnath","ALIYARNAGAR_R15",15.36,10.46,6.27,772.02
"TAG24","TAG24","ALIYARNAGAR_R15",11.87,8.39,5.52,849.73
"TDG10","TDG10","ALIYARNAGAR_R15",17.34,10.46,5.94,1559.01
"TDG13","TDG13","ALIYARNAGAR_R15",15.91,10.6,6.4,1843.22
"TDG14","TDG14","ALIYARNAGAR_R15",13.67,8.98,5.47,1197.3
"TG19","TG19","ALIYARNAGAR_R15",18.41,13.81,8.99,726.36
"TG39","TG39","ALIYARNAGAR_R15",8,7.68,4.61,1637.28
"TG41","TG41","ALIYARNAGAR_R15",9.05,9.34,5.19,1321.16
"TG42","TG42","ALIYARNAGAR_R15",8.98,9.86,5.97,1284.85
"TG49","TG49","ALIYARNAGAR_R15",9.04,7.53,4.13,938.93
"TGLPS3","TGLPS3","ALIYARNAGAR_R15",11.3,15.49,8.7,1269.75
"TGLPS4","TGLPS4","ALIYARNAGAR_R15",16.11,14.31,9.5,857.07
"TGLPS7","TGLPS7","ALIYARNAGAR_R15",7.72,6.33,3.97,546.09
"TKG19A","TKG19A","ALIYARNAGAR_R15",12.3,8.88,5,1285.7
"TMV2","TMV2","ALIYARNAGAR_R15",6.83,5.77,2.85,1057.74
"TMV2NLM","TMV2NLM","ALIYARNAGAR_R15",14.86,10.24,6.95,1066.34
"TPG41","TPG41","ALIYARNAGAR_R15",14.59,12.6,7.53,1395.28
"24×37-2275","24×37-2275","ICRISAT_PR15-16",10.81,7.56,4.43,1824.38
"24×39-31MR","24×39-31MR","ICRISAT_PR15-16",17.3,8.21,4.76,1897.36
"24M-86","24M-86","ICRISAT_PR15-16",6.67,5.04,2.35,1193.87
"26×27-164","26×27-164","ICRISAT_PR15-16",12.78,7.43,5.12,1881.23
"26×37-IV-9IR","26×37-IV-9IR","ICRISAT_PR15-16",17.88,10.5,6.78,2529.62
"26×M-223-1","26×M-223-1","ICRISAT_PR15-16",7.12,3.14,1.83,635.6
"26×M-95-1RI","26×M-95-1RI","ICRISAT_PR15-16",15.03,9.09,6.3,2423.28
"26M-119-1","26M-119-1","ICRISAT_PR15-16",17.13,9.52,6.68,2338.25
"26M156-2","26M156-2","ICRISAT_PR15-16",13.69,6.12,3.26,1583.22
"27×49-12","27×49-12","ICRISAT_PR15-16",6.77,4.36,2.97,1058.1
"27×49-14","27×49-14","ICRISAT_PR15-16",10.44,7.3,4.6,1573.12
"27×49-16","27×49-16","ICRISAT_PR15-16",14.98,9.46,4.38,2272.4
"27×49-27-1","27×49-27-1","ICRISAT_PR15-16",12.83,8.12,4.9,2172.36
"39×49-77","39×49-77","ICRISAT_PR15-16",13.66,8.7,4.82,2304.6
"39×49-8","39×49-8","ICRISAT_PR15-16",8.87,5.44,3.84,1168.88
"39×49-81-1","39×49-81-1","ICRISAT_PR15-16",11.56,6.96,4.73,1849.84
"49×27-13(ii)","49×27-13(ii)","ICRISAT_PR15-16",10.76,7.72,3.88,1733.88
"49×27-19","49×27-19","ICRISAT_PR15-16",16.08,10.26,5.29,2741.58
"49×27-37","49×27-37","ICRISAT_PR15-16",10.21,5.55,3.09,1214.92
"49×37-134","49×37-134","ICRISAT_PR15-16",8.25,6.04,3.97,1614.19
"49×37-135","49×37-135","ICRISAT_PR15-16",13.05,8.28,5.58,2138.7
"49×37-90","49×37-90","ICRISAT_PR15-16",4.84,2.29,1.65,537.49
"49×37-91","49×37-91","ICRISAT_PR15-16",15.06,8.46,5.72,2117.09
"49×37-97-1","49×37-97-1","ICRISAT_PR15-16",3.18,2.08,1.18,409.02
"49×37-99(b)tall","49×37-99(b)tall","ICRISAT_PR15-16",3.88,3.71,2.07,735.82
"49×39-20-2","49×39-20-2","ICRISAT_PR15-16",7.92,6.08,3.49,1518.86
"49×39-21-1","49×39-21-1","ICRISAT_PR15-16",9.34,4.6,2.77,910.39
"49×39-21-2","49×39-21-2","ICRISAT_PR15-16",9.2,3.85,1.93,756.09
"49×39-21-2(a)","49×39-21-2(a)","ICRISAT_PR15-16",17.71,7.82,4.69,1898.82
"49×39-74","49×39-74","ICRISAT_PR15-16",14.15,8.35,6.17,2219.34
"49×39-8","49×39-8","ICRISAT_PR15-16",7.4,5.93,4,1459.3
"49M-1-1","49M-1-1","ICRISAT_PR15-16",4.67,4.01,1.99,978.38
"49M-16","49M-16","ICRISAT_PR15-16",21.9,10.86,7.44,2855.83
"49M-2-2","49M-2-2","ICRISAT_PR15-16",3.39,2.57,1.44,680.29
"BAU13","BAU13","ICRISAT_PR15-16",5.01,5.99,3.34,1334.08
"CS39","CS39","ICRISAT_PR15-16",20.99,19.87,11.62,4321.16
"CSMG84-1","CSMG84-1","ICRISAT_PR15-16",5.94,2.97,1.5,669.39
"DH86","DH86","ICRISAT_PR15-16",12.86,5.99,2.94,1371.57
"DTG15","DTG15","ICRISAT_PR15-16",16.8,11.88,7.16,2980.46
"DTG3","DTG3","ICRISAT_PR15-16",18.17,9.48,5.63,2386.88
"Faizpur1-5","Faizpur1-5","ICRISAT_PR15-16",19.44,14.86,7.66,3849.62
"Gangapuri","Gangapuri","ICRISAT_PR15-16",12.45,7.2,4.1,1743.81
"GPBD4","GPBD4","ICRISAT_PR15-16",13.18,7.43,4.5,1819.52
"ICG10036","ICG10036","ICRISAT_PR15-16",4.8,3.16,1.5,787.61
"ICG10053","ICG10053","ICRISAT_PR15-16",7.43,6.88,3.62,1778.27
"ICG10185","ICG10185","ICRISAT_PR15-16",7.38,5.82,2.83,1153.36
"ICG10701","ICG10701","ICRISAT_PR15-16",13.77,10.19,6.16,2460.71
"ICG11088","ICG11088","ICRISAT_PR15-16",7.7,7.96,4.33,1987.33
"ICG111","ICG111","ICRISAT_PR15-16",6.89,5.4,3.42,1070.66
"ICG11322","ICG11322","ICRISAT_PR15-16",4.82,3.77,2.32,991.08
"ICG11337","ICG11337","ICRISAT_PR15-16",4.85,2.29,1.17,513.53
"ICG11426","ICG11426","ICRISAT_PR15-16",7.76,4.05,2,871.99
"ICG11651","ICG11651","ICRISAT_PR15-16",18.74,12.24,7.07,3298
"ICG12276","ICG12276","ICRISAT_PR15-16",10.28,6.01,3.98,1314.57
"ICG12370","ICG12370","ICRISAT_PR15-16",3.55,3.44,1.96,769.82
"ICG12509","ICG12509","ICRISAT_PR15-16",7.75,6.96,4.51,1398.88
"ICG12625","ICG12625","ICRISAT_PR15-16",9.82,7.58,4.13,2013.19
"ICG12672","ICG12672","ICRISAT_PR15-16",6.96,3.2,1.85,818.37
"ICG12879","ICG12879","ICRISAT_PR15-16",10.84,5.51,3.54,1450.68
"ICG12991","ICG12991","ICRISAT_PR15-16",9.58,5.39,3.58,1428.64
"ICG13895","ICG13895","ICRISAT_PR15-16",3.24,2.31,1.38,466.29
"ICG14466","ICG14466","ICRISAT_PR15-16",3.8,3.02,1.66,683.53
"ICG14475","ICG14475","ICRISAT_PR15-16",6.64,2.79,1.29,539.16
"ICG14482","ICG14482","ICRISAT_PR15-16",3.86,3.03,1.52,639.9
"ICG14705","ICG14705","ICRISAT_PR15-16",9.94,7.19,4.92,1848.92
"ICG14834","ICG14834","ICRISAT_PR15-16",3.04,2.06,0.74,416.44
"ICG14985","ICG14985","ICRISAT_PR15-16",6.4,4.65,2.79,1148.04
"ICG15190","ICG15190","ICRISAT_PR15-16",3.36,2.95,1.51,607.38
"ICG15415","ICG15415","ICRISAT_PR15-16",6.49,3.97,1.98,941.94
"ICG15419","ICG15419","ICRISAT_PR15-16",4.52,5.2,2.82,1299.38
"ICG156(M13)","ICG156(M13)","ICRISAT_PR15-16",10.8,9.8,5.81,2172.2
"ICG1668","ICG1668","ICRISAT_PR15-16",9.67,6.62,4.89,1589.39
"ICG1834","ICG1834","ICRISAT_PR15-16",13.91,7.15,4.33,1877.1
"ICG1973","ICG1973","ICRISAT_PR15-16",9.17,5.97,3.64,1604.23
"ICG2031","ICG2031","ICRISAT_PR15-16",12.97,6.83,4.79,1796.1
"ICG2106","ICG2106","ICRISAT_PR15-16",12.77,7.26,5.54,1798.9
"ICG2381","ICG2381","ICRISAT_PR15-16",3.26,2.58,1.42,515.8
"ICG2773","ICG2773","ICRISAT_PR15-16",4.11,2.5,1.25,492.73
"ICG2857","ICG2857","ICRISAT_PR15-16",4.56,2.88,1.97,736.89
"ICG3027","ICG3027","ICRISAT_PR15-16",4.59,3.79,1.71,806.95
"ICG3053","ICG3053","ICRISAT_PR15-16",11.18,5.83,2.99,1327.13
"ICG3102","ICG3102","ICRISAT_PR15-16",10.73,7.44,4.74,1848.6
"ICG3140","ICG3140","ICRISAT_PR15-16",12.51,9.01,5.5,2340.4
"ICG3312","ICG3312","ICRISAT_PR15-16",8.36,5.68,3.93,1504.84
"ICG3343","ICG3343","ICRISAT_PR15-16",6.75,4.39,2.65,1011.79
"ICG3421","ICG3421","ICRISAT_PR15-16",16.6,8.32,4.89,2235.13
"ICG3584","ICG3584","ICRISAT_PR15-16",17.28,9.26,6.67,2152.58
"ICG3673","ICG3673","ICRISAT_PR15-16",10.7,7.34,5.12,1754.69
"ICG3746","ICG3746","ICRISAT_PR15-16",14.18,7.42,5.21,1672
"ICG434","ICG434","ICRISAT_PR15-16",13.67,6.14,3.87,1348.18
"ICG4343","ICG4343","ICRISAT_PR15-16",3.95,3.69,1.98,797.88
"ICG442","ICG442","ICRISAT_PR15-16",10.97,4.07,1.97,1038.81
"ICG4527","ICG4527","ICRISAT_PR15-16",3.71,3.21,1.73,657.14
"ICG4543","ICG4543","ICRISAT_PR15-16",11.44,5.41,3.2,1167.55
"ICG4729","ICG4729","ICRISAT_PR15-16",15.99,8.73,5.63,2279.06
"ICG4955","ICG4955","ICRISAT_PR15-16",16.07,10.16,7.79,2654.57
"ICG5221","ICG5221","ICRISAT_PR15-16",7.7,2.81,1.48,616.67
"ICG532","ICG532","ICRISAT_PR15-16",4.83,2.43,1.33,472.91
"ICG5662","ICG5662","ICRISAT_PR15-16",2.85,1.94,1.16,509.1
"ICG5663","ICG5663","ICRISAT_PR15-16",3.41,2.14,1.15,503.21
"ICG5745","ICG5745","ICRISAT_PR15-16",11.05,7.39,4.08,1940.96
"ICG5891","ICG5891","ICRISAT_PR15-16",3.83,3.07,1.56,649.37
"ICG6022","ICG6022","ICRISAT_PR15-16",4.28,5.8,3.06,1532.66
"ICG6646","ICG6646","ICRISAT_PR15-16",12.07,10.71,5.72,2602.58
"ICG6766","ICG6766","ICRISAT_PR15-16",3.79,3.02,1.59,596.72
"ICG721","ICG721","ICRISAT_PR15-16",14.23,5.98,3.72,1331.32
"ICG8285","ICG8285","ICRISAT_PR15-16",13.43,7.57,4.2,1533.82
"ICG8517","ICG8517","ICRISAT_PR15-16",9.84,5.05,2.82,1377.6
"ICG875","ICG875","ICRISAT_PR15-16",5.54,2.04,0.98,475.28
"ICG8751","ICG8751","ICRISAT_PR15-16",14.03,6.54,3.23,1754.3
"ICG9315","ICG9315","ICRISAT_PR15-16",13.55,8.96,5.27,2291.41
"ICG9507","ICG9507","ICRISAT_PR15-16",6.22,4.24,2.25,1040.12
"ICG9961","ICG9961","ICRISAT_PR15-16",4.49,2.41,0.88,551.69
"ICGS11","ICGS11","ICRISAT_PR15-16",11.57,6.06,4.14,1453.4
"ICGS44","ICGS44","ICRISAT_PR15-16",5.85,2.98,1.81,729.82
"ICGS76","ICGS76","ICRISAT_PR15-16",12.53,6.73,3.74,1793.83
"ICGV00005","ICGV00005","ICRISAT_PR15-16",12.76,8.83,5.45,2277.02
"ICGV00068","ICGV00068","ICRISAT_PR15-16",8.34,4.56,1.95,1134.36
"ICGV00191","ICGV00191","ICRISAT_PR15-16",10.34,5.22,3.29,1255.94
"ICGV00246","ICGV00246","ICRISAT_PR15-16",5.58,4.25,2.13,840.47
"ICGV00248","ICGV00248","ICRISAT_PR15-16",6.83,4.98,2.99,1198.35
"ICGV00290","ICGV00290","ICRISAT_PR15-16",12.62,7.01,3.87,1585.23
"ICGV00321","ICGV00321","ICRISAT_PR15-16",16.72,10.87,6.57,2910.19
"ICGV00343","ICGV00343","ICRISAT_PR15-16",9.27,8.21,4.52,2175.62
"ICGV00346","ICGV00346","ICRISAT_PR15-16",15.95,10.14,5.94,2686.88
"ICGV00349","ICGV00349","ICRISAT_PR15-16",14.49,7.88,5.47,2120.93
"ICGV00350","ICGV00350","ICRISAT_PR15-16",10.27,8.18,5.33,2171.02
"ICGV00351","ICGV00351","ICRISAT_PR15-16",11.84,8.7,5.59,2312.04
"ICGV00362","ICGV00362","ICRISAT_PR15-16",6.63,3.13,1.64,790.55
"ICGV00371","ICGV00371","ICRISAT_PR15-16",10.56,4.91,2.99,1328.37
"ICGV00387","ICGV00387","ICRISAT_PR15-16",18.76,10.1,4.97,2736.53
"ICGV00440","ICGV00440","ICRISAT_PR15-16",6.09,5.57,2.79,1230.45
"ICGV01005","ICGV01005","ICRISAT_PR15-16",12.91,9.31,5.47,2471.54
"ICGV01060","ICGV01060","ICRISAT_PR15-16",10.23,5.73,3.84,1382.16
"ICGV01124","ICGV01124","ICRISAT_PR15-16",5.26,3.33,1.77,819.32
"ICGV01232","ICGV01232","ICRISAT_PR15-16",13.23,10.78,6.84,2609.6
"ICGV01263","ICGV01263","ICRISAT_PR15-16",8.16,6.71,3.54,1620.88
"ICGV01265","ICGV01265","ICRISAT_PR15-16",7.43,3.68,1.91,842.06
"ICGV01273","ICGV01273","ICRISAT_PR15-16",15.55,9.08,5.2,1994.72
"ICGV01274","ICGV01274","ICRISAT_PR15-16",12.12,5.35,3.16,1424.8
"ICGV01276","ICGV01276","ICRISAT_PR15-16",21.19,13.68,7.57,3646.61
"ICGV01328","ICGV01328","ICRISAT_PR15-16",13.37,8.38,5.58,2102.39
"ICGV01361","ICGV01361","ICRISAT_PR15-16",14.25,9.65,6.05,2431.24
"ICGV01393","ICGV01393","ICRISAT_PR15-16",5.18,3.45,1.49,924.76
"ICGV01464","ICGV01464","ICRISAT_PR15-16",4.45,2.97,1.56,601.01
"ICGV01478","ICGV01478","ICRISAT_PR15-16",4.28,2.62,1.58,545.12
"ICGV01495","ICGV01495","ICRISAT_PR15-16",15.63,14.24,8.01,3655.45
"ICGV02022","ICGV02022","ICRISAT_PR15-16",11.55,8.09,5.11,2192.71
"ICGV02038","ICGV02038","ICRISAT_PR15-16",10.98,6.95,5.03,1844.73
"ICGV02125","ICGV02125","ICRISAT_PR15-16",18.64,9.54,6.14,2521.65
"ICGV02144","ICGV02144","ICRISAT_PR15-16",14.8,7.7,4.57,1686.93
"ICGV02189","ICGV02189","ICRISAT_PR15-16",7.94,5.43,3.28,1330.72
"ICGV02194","ICGV02194","ICRISAT_PR15-16",13.34,7.34,4.71,1906.27
"ICGV02206","ICGV02206","ICRISAT_PR15-16",13.8,8.57,4.79,2280.34
"ICGV02242","ICGV02242","ICRISAT_PR15-16",12.76,10.86,6.68,2586.93
"ICGV02251","ICGV02251","ICRISAT_PR15-16",13.31,7.96,5.41,1942.75
"ICGV02266","ICGV02266","ICRISAT_PR15-16",17.64,8.87,6.01,2389.12
"ICGV02271","ICGV02271","ICRISAT_PR15-16",11.8,8.81,5.71,2319.43
"ICGV02286","ICGV02286","ICRISAT_PR15-16",11.61,7.5,4.95,1900.03
"ICGV02287","ICGV02287","ICRISAT_PR15-16",5.78,2.85,1.46,714.11
"ICGV02290","ICGV02290","ICRISAT_PR15-16",7.36,3.86,2.89,885.91
"ICGV02298","ICGV02298","ICRISAT_PR15-16",8.04,4.28,2.45,965.04
"ICGV02317","ICGV02317","ICRISAT_PR15-16",9.53,6.2,3.8,1646.4
"ICGV02321","ICGV02321","ICRISAT_PR15-16",14.14,6.43,4.18,1581.77
"ICGV02323","ICGV02323","ICRISAT_PR15-16",10.62,8.67,5.83,2322.98
"ICGV02411","ICGV02411","ICRISAT_PR15-16",8.83,8.36,5.17,2149.06
"ICGV02434","ICGV02434","ICRISAT_PR15-16",11.62,6.21,4.33,1468.19
"ICGV02446","ICGV02446","ICRISAT_PR15-16",13.35,7.13,3.93,1893.33
"ICGV03042","ICGV03042","ICRISAT_PR15-16",11.16,5.9,3.2,1386.32
"ICGV03043","ICGV03043","ICRISAT_PR15-16",15.1,6.98,4.18,1828.27
"ICGV03056","ICGV03056","ICRISAT_PR15-16",12.24,9.79,5.65,2617.64
"ICGV03064","ICGV03064","ICRISAT_PR15-16",14.01,5.94,3.43,1567.99
"ICGV03128","ICGV03128","ICRISAT_PR15-16",19.15,14.3,9.15,3636.54
"ICGV03136","ICGV03136","ICRISAT_PR15-16",6.46,4.79,2.65,1118.94
"ICGV03184","ICGV03184","ICRISAT_PR15-16",15.39,10.86,7.13,2871.24
"ICGV03207","ICGV03207","ICRISAT_PR15-16",7.98,4.43,2.76,1177.26
"ICGV03397","ICGV03397","ICRISAT_PR15-16",6.09,2.86,1.88,694.37
"ICGV03398","ICGV03398","ICRISAT_PR15-16",5.79,3.03,1.54,793.12
"ICGV04018","ICGV04018","ICRISAT_PR15-16",12.48,9.91,6.01,2657.1
"ICGV04044","ICGV04044","ICRISAT_PR15-16",15.43,9.19,5.85,2288.42
"ICGV04087","ICGV04087","ICRISAT_PR15-16",16.12,9.23,4.92,2453.03
"ICGV04115","ICGV04115","ICRISAT_PR15-16",6.56,5.83,3.64,1544.08
"ICGV04124","ICGV04124","ICRISAT_PR15-16",17.17,8.34,4.42,2098.01
"ICGV04149","ICGV04149","ICRISAT_PR15-16",14.03,7.79,5.13,2058.1
"ICGV05032","ICGV05032","ICRISAT_PR15-16",18.37,11.81,6.19,2830.58
"ICGV05036","ICGV05036","ICRISAT_PR15-16",11.41,5.26,2.81,1380.5
"ICGV05057","ICGV05057","ICRISAT_PR15-16",9.27,7.41,4.64,1958.2
"ICGV05100","ICGV05100","ICRISAT_PR15-16",6.66,4.29,2.67,1125.25
"ICGV05141","ICGV05141","ICRISAT_PR15-16",10.92,6.72,4.27,1591.22
"ICGV05155","ICGV05155","ICRISAT_PR15-16",18.03,7.78,4,2070.3
"ICGV05161","ICGV05161","ICRISAT_PR15-16",9.35,6.33,3.18,1639.48
"ICGV05163","ICGV05163","ICRISAT_PR15-16",10.52,6.44,3.66,1739.07
"ICGV05176","ICGV05176","ICRISAT_PR15-16",8.91,7.84,5.5,1773.82
"ICGV05198","ICGV05198","ICRISAT_PR15-16",11.33,10.91,5.81,2485.79
"ICGV06040","ICGV06040","ICRISAT_PR15-16",9.2,4.82,2.87,1256.83
"ICGV06042","ICGV06042","ICRISAT_PR15-16",9.67,5.56,3.29,1350.42
"ICGV06049","ICGV06049","ICRISAT_PR15-16",10.66,6.8,4.36,1804.8
"ICGV06099","ICGV06099","ICRISAT_PR15-16",17.9,11.32,7.73,2334.15
"ICGV06110","ICGV06110","ICRISAT_PR15-16",10.65,4.55,1.95,1074.46
"ICGV06142","ICGV06142","ICRISAT_PR15-16",5.12,4.1,2.74,1078.02
"ICGV06175","ICGV06175","ICRISAT_PR15-16",5.73,3.29,1.53,868.93
"ICGV06188","ICGV06188","ICRISAT_PR15-16",8.18,6.43,3.95,1611.64
"ICGV06234","ICGV06234","ICRISAT_PR15-16",16.93,14.18,8.2,3673.52
"ICGV06347","ICGV06347","ICRISAT_PR15-16",11.96,7.15,3.91,1890.1
"ICGV06420","ICGV06420","ICRISAT_PR15-16",5.63,3.09,1.34,812.76
"ICGV06422","ICGV06422","ICRISAT_PR15-16",10.98,6.68,3.56,1722.94
"ICGV06423","ICGV06423","ICRISAT_PR15-16",10.31,6.03,3.97,1525.02
"ICGV06424","ICGV06424","ICRISAT_PR15-16",3.41,2.91,1.97,766.33
"ICGV06431","ICGV06431","ICRISAT_PR15-16",15.51,11.67,7.67,2968.05
"ICGV07023","ICGV07023","ICRISAT_PR15-16",13.22,8.77,5.57,2153.16
"ICGV07120","ICGV07120","ICRISAT_PR15-16",12.16,9.21,6.01,2368.67
"ICGV07145","ICGV07145","ICRISAT_PR15-16",14,7.9,3.78,2087.46
"ICGV07148","ICGV07148","ICRISAT_PR15-16",10.06,5.66,4.14,1520.19
"ICGV07166","ICGV07166","ICRISAT_PR15-16",16.37,13.24,7.49,3527.84
"ICGV07168","ICGV07168","ICRISAT_PR15-16",4.91,3.47,1.8,780.11
"ICGV07210","ICGV07210","ICRISAT_PR15-16",12.13,7.65,4.78,2044.68
"ICGV07217","ICGV07217","ICRISAT_PR15-16",20.56,11.22,8.02,2991.72
"ICGV07220","ICGV07220","ICRISAT_PR15-16",5.87,3.91,2.21,1015.55
"ICGV07223","ICGV07223","ICRISAT_PR15-16",20.27,9.97,6.46,2479.39
"ICGV07227","ICGV07227","ICRISAT_PR15-16",13.57,9.9,6.15,2644.54
"ICGV07235","ICGV07235","ICRISAT_PR15-16",14.12,7.61,5.02,1940.01
"ICGV07246","ICGV07246","ICRISAT_PR15-16",22.2,10.65,5.73,2785.35
"ICGV07247","ICGV07247","ICRISAT_PR15-16",23.85,17,11.56,3780.89
"ICGV07268","ICGV07268","ICRISAT_PR15-16",14.2,10.53,7.06,2699.94
"ICGV07273","ICGV07273","ICRISAT_PR15-16",10.3,5.86,4.07,1461.55
"ICGV07359","ICGV07359","ICRISAT_PR15-16",11.86,9.11,5.46,2105.37
"ICGV07368","ICGV07368","ICRISAT_PR15-16",9.45,10.7,5.22,2460.88
"ICGV09112","ICGV09112","ICRISAT_PR15-16",6.31,4.63,2.73,1099.77
"ICGV86011","ICGV86011","ICRISAT_PR15-16",13.79,9.78,6.59,2577.83
"ICGV86015","ICGV86015","ICRISAT_PR15-16",14.59,7.25,4.23,1699.62
"ICGV86072","ICGV86072","ICRISAT_PR15-16",8.12,5.42,3.42,1153.68
"ICGV86143","ICGV86143","ICRISAT_PR15-16",6.79,3.94,2.22,1047.21
"ICGV86325","ICGV86325","ICRISAT_PR15-16",6.32,5.53,3.28,1199.53
"ICGV86352","ICGV86352","ICRISAT_PR15-16",7.81,5.8,3.23,1529.25
"ICGV86564","ICGV86564","ICRISAT_PR15-16",3.17,3.52,2.16,827.03
"ICGV86590","ICGV86590","ICRISAT_PR15-16",5.76,3.34,1.83,757.44
"ICGV86699","ICGV86699","ICRISAT_PR15-16",5.17,3.1,1.83,751.96
"ICGV87160","ICGV87160","ICRISAT_PR15-16",17.1,10.59,7.04,2512.23
"ICGV87187","ICGV87187","ICRISAT_PR15-16",10.98,5.19,2.83,1376.7
"ICGV87354","ICGV87354","ICRISAT_PR15-16",6.54,4.32,1.8,1071.51
"ICGV87378","ICGV87378","ICRISAT_PR15-16",12.78,10.53,6.78,2728.13
"ICGV87846","ICGV87846","ICRISAT_PR15-16",8.56,6.69,3.81,1568.1
"ICGV87921","ICGV87921","ICRISAT_PR15-16",12.74,10.87,6,2894.7
"ICGV88145","ICGV88145","ICRISAT_PR15-16",14.87,9.16,5.17,2104.23
"ICGV88438","ICGV88438","ICRISAT_PR15-16",3.24,1.94,0.93,411.39
"ICGV89104","ICGV89104","ICRISAT_PR15-16",13.99,5.59,3.51,1366.02
"ICGV90320","ICGV90320","ICRISAT_PR15-16",11.77,11.22,7.13,2907.26
"ICGV91114","ICGV91114","ICRISAT_PR15-16",11.13,7.67,4.73,1826.39
"ICGV91116","ICGV91116","ICRISAT_PR15-16",15.22,10.97,7.32,2909.83
"ICGV92195","ICGV92195","ICRISAT_PR15-16",9.84,5.63,4.03,1377.86
"ICGV92267","ICGV92267","ICRISAT_PR15-16",13.3,9.71,6.23,2413.59
"ICGV93216","ICGV93216","ICRISAT_PR15-16",14.92,10.72,7.15,2824.96
"ICGV93280","ICGV93280","ICRISAT_PR15-16",16.45,9.39,6.83,2498.34
"ICGV93437","ICGV93437","ICRISAT_PR15-16",14.95,10.27,6.31,2616.11
"ICGV93470","ICGV93470","ICRISAT_PR15-16",12.52,8.66,5.39,2201.16
"ICGV93920","ICGV93920","ICRISAT_PR15-16",17.8,9.52,5.17,2529.09
"ICGV94118","ICGV94118","ICRISAT_PR15-16",10.12,7.82,5.41,2056.48
"ICGV94169","ICGV94169","ICRISAT_PR15-16",11.2,6.96,3.73,1779.61
"ICGV94361","ICGV94361","ICRISAT_PR15-16",12.78,9.15,5.38,2325.8
"ICGV95058","ICGV95058","ICRISAT_PR15-16",7.62,3.16,1.89,790.07
"ICGV95070","ICGV95070","ICRISAT_PR15-16",8.33,3.76,1.86,931.41
"ICGV95290","ICGV95290","ICRISAT_PR15-16",9.02,5.64,3.47,1497.43
"ICGV95377","ICGV95377","ICRISAT_PR15-16",10.65,9.88,5.49,2266
"ICGV95469","ICGV95469","ICRISAT_PR15-16",10.76,5.96,4.24,1528.54
"ICGV96466","ICGV96466","ICRISAT_PR15-16",8.96,7.39,4.62,1974.15
"ICGV96468","ICGV96468","ICRISAT_PR15-16",12.42,9.73,5.94,2588.1
"ICGV97045","ICGV97045","ICRISAT_PR15-16",10.23,5.95,3.9,1171.83
"ICGV97058","ICGV97058","ICRISAT_PR15-16",11.36,11.5,6.66,3073.74
"ICGV97092","ICGV97092","ICRISAT_PR15-16",7.08,3.69,1.83,921.07
"ICGV97115","ICGV97115","ICRISAT_PR15-16",5.65,2.5,1.34,571.87
"ICGV97116","ICGV97116","ICRISAT_PR15-16",5.63,2.9,1.71,681.28
"ICGV97120","ICGV97120","ICRISAT_PR15-16",10.01,7.69,5.16,1865.85
"ICGV97128","ICGV97128","ICRISAT_PR15-16",12.08,7.2,4.02,1902.77
"ICGV97165","ICGV97165","ICRISAT_PR15-16",4.01,2.19,1.92,474.65
"ICGV97182","ICGV97182","ICRISAT_PR15-16",12.97,9.83,5.96,2530.19
"ICGV97183","ICGV97183","ICRISAT_PR15-16",10.94,7.61,4.1,1522.07
"ICGV97232","ICGV97232","ICRISAT_PR15-16",8.61,5.63,3.51,1431.31
"ICGV97261","ICGV97261","ICRISAT_PR15-16",11.64,7.16,5.19,1853.16
"ICGV97262","ICGV97262","ICRISAT_PR15-16",5.7,3.51,1.79,927.65
"ICGV98105","ICGV98105","ICRISAT_PR15-16",15.65,9,5.56,2311.8
"ICGV98163","ICGV98163","ICRISAT_PR15-16",7.52,3.99,2.64,864.65
"ICGV98184","ICGV98184","ICRISAT_PR15-16",12.76,9.24,5.48,2388.89
"ICGV98294","ICGV98294","ICRISAT_PR15-16",12.97,10.22,6.33,2654.39
"ICGV98373","ICGV98373","ICRISAT_PR15-16",9.43,6.26,3.16,1547.86
"ICGV98432","ICGV98432","ICRISAT_PR15-16",5.37,3.57,1.62,716.56
"ICGV99029","ICGV99029","ICRISAT_PR15-16",11.63,6.03,3.05,1478.37
"ICGV99051","ICGV99051","ICRISAT_PR15-16",10.04,6.91,4.11,1669.1
"ICGV99052","ICGV99052","ICRISAT_PR15-16",6.9,3.63,1.93,748.9
"ICGV99083","ICGV99083","ICRISAT_PR15-16",10.57,7.29,3.85,1644.64
"ICGV99085","ICGV99085","ICRISAT_PR15-16",10.31,5.02,3.27,1330.19
"ICGV99160","ICGV99160","ICRISAT_PR15-16",7.34,3.68,1.52,931.77
"ICGV99181","ICGV99181","ICRISAT_PR15-16",12.02,6.31,3.83,1678.24
"ICGV99195","ICGV99195","ICRISAT_PR15-16",12.36,5.95,3.43,1571.3
"ICGV99233","ICGV99233","ICRISAT_PR15-16",9.32,6.67,3.87,1758.57
"ICR48","ICR48","ICRISAT_PR15-16",3.26,2.76,1.6,668.03
"J11","J11","ICRISAT_PR15-16",16.14,8.59,5.41,2174.27
"JL24","JL24","ICRISAT_PR15-16",11.34,5.89,4.28,1433.56
"M110-14","M110-14","ICRISAT_PR15-16",3.69,2.97,1.31,679.69
"M28-2","M28-2","ICRISAT_PR15-16",7.33,3.22,1.67,809.03
"MN1-35","MN1-35","ICRISAT_PR15-16",11.75,7.23,4.06,1860.88
"Mutant3","Mutant3","ICRISAT_PR15-16",8.79,5.32,2.88,1410.4
"Somnath","Somnath","ICRISAT_PR15-16",11.13,6.72,3.55,1719.11
"TAG24","TAG24","ICRISAT_PR15-16",11.27,6.55,3.81,1545.52
"TDG10","TDG10","ICRISAT_PR15-16",12.16,5.72,3.34,1463.59
"TDG13","TDG13","ICRISAT_PR15-16",7.25,4.14,2.42,1052.97
"TDG14","TDG14","ICRISAT_PR15-16",6.76,4.66,2.49,969.58
"TG19","TG19","ICRISAT_PR15-16",6,4.33,2.42,1166.08
"TG39","TG39","ICRISAT_PR15-16",7.21,4.99,2.36,1302.21
"TG41","TG41","ICRISAT_PR15-16",6.76,4.85,2.67,1008.36
"TG42","TG42","ICRISAT_PR15-16",6.25,4.95,3.17,1050.66
"TG49","TG49","ICRISAT_PR15-16",12.66,9.11,5.8,2248.22
"TGLPS3","TGLPS3","ICRISAT_PR15-16",10.17,7.85,5.24,1865.75
"TGLPS4","TGLPS4","ICRISAT_PR15-16",5.44,2.65,2.9,609.78
"TGLPS7","TGLPS7","ICRISAT_PR15-16",5.79,3.54,1.8,850.57
"TKG19A","TKG19A","ICRISAT_PR15-16",12.43,5.6,3.46,1368.2
"TMV2","TMV2","ICRISAT_PR15-16",9.7,9.14,4.5,2116.84
"TMV2NLM","TMV2NLM","ICRISAT_PR15-16",10.5,5.23,2.66,1389.61
"TPG41","TPG41","ICRISAT_PR15-16",5.81,5.36,2.7,1084.76
"24×37-2275","24×37-2275","ICRISAT_R15",12.52,9.35,5.18,1684.48
"24×39-31MR","24×39-31MR","ICRISAT_R15",13.34,8.67,4.33,1817.78
"24M-86","24M-86","ICRISAT_R15",9.07,7.97,4.99,913.34
"26×27-164","26×27-164","ICRISAT_R15",11.5,7.87,5.28,1431.77
"26×37-IV-9IR","26×37-IV-9IR","ICRISAT_R15",12.26,7.07,4.18,1332.48
"26×M-223-1","26×M-223-1","ICRISAT_R15",19.08,10.87,4.41,1779.2
"26×M-95-1RI","26×M-95-1RI","ICRISAT_R15",18.7,10.3,6,2785.9
"26M-119-1","26M-119-1","ICRISAT_R15",15.39,8.62,5.8,1141.99
"26M156-2","26M156-2","ICRISAT_R15",9.7,5.39,2.88,1281.33
"27×49-12","27×49-12","ICRISAT_R15",27.58,15.92,9.54,1114.46
"27×49-14","27×49-14","ICRISAT_R15",9.89,7.4,3.45,956.94
"27×49-16","27×49-16","ICRISAT_R15",10.34,7.59,4.32,1167.4
"27×49-27-1","27×49-27-1","ICRISAT_R15",7.53,6.68,3.8,989.77
"39×49-77","39×49-77","ICRISAT_R15",18.6,10.41,3.99,1984.31
"39×49-8","39×49-8","ICRISAT_R15",9.43,9.15,4.88,1890.69
"39×49-81-1","39×49-81-1","ICRISAT_R15",26.08,16.8,9.69,2387.43
"49×27-13(ii)","49×27-13(ii)","ICRISAT_R15",8.75,9,4.14,1782.2
"49×27-19","49×27-19","ICRISAT_R15",11.2,6.8,3.04,1208.4
"49×27-37","49×27-37","ICRISAT_R15",23.58,18.4,9.82,1637.42
"49×37-134","49×37-134","ICRISAT_R15",12.96,7.18,3.74,1454.29
"49×37-135","49×37-135","ICRISAT_R15",18.13,7.78,4.72,586.45
"49×37-90","49×37-90","ICRISAT_R15",11.05,7.66,4.59,1338.38
"49×37-91","49×37-91","ICRISAT_R15",10.52,8.16,4.48,1232.5
"49×37-97-1","49×37-97-1","ICRISAT_R15",6.37,6.36,3.38,984.4
"49×37-99(b)tall","49×37-99(b)tall","ICRISAT_R15",10.31,9.24,3.97,1034.72
"49×39-20-2","49×39-20-2","ICRISAT_R15",12.11,8.88,4.02,1455.41
"49×39-21-1","49×39-21-1","ICRISAT_R15",12.65,8.43,5.33,1337.62
"49×39-21-2","49×39-21-2","ICRISAT_R15",17.52,7.04,2.7,723.7
"49×39-21-2(a)","49×39-21-2(a)","ICRISAT_R15",15.63,8.86,4.89,1363.33
"49×39-74","49×39-74","ICRISAT_R15",21.94,10.7,5.73,1726.56
"49×39-8","49×39-8","ICRISAT_R15",12.15,8.67,4.67,1517.27
"49M-1-1","49M-1-1","ICRISAT_R15",12.74,10.64,6.41,1492.55
"49M-16","49M-16","ICRISAT_R15",28.89,20.3,12.94,3764.52
"49M-2-2","49M-2-2","ICRISAT_R15",10.19,6.71,3.76,875.59
"BAU13","BAU13","ICRISAT_R15",11.51,12.95,7.44,1702.22
"CS39","CS39","ICRISAT_R15",16.15,11.98,7.04,2198.84
"CSMG84-1","CSMG84-1","ICRISAT_R15",14.21,10.27,5.16,1485.64
"DH86","DH86","ICRISAT_R15",17.36,11.43,6.34,1717.21
"DTG15","DTG15","ICRISAT_R15",17.3,10.44,6.54,1282.71
"DTG3","DTG3","ICRISAT_R15",11.59,6.05,3.65,1166.9
"Faizpur1-5","Faizpur1-5","ICRISAT_R15",12.73,8.92,5.67,1436.23
"Gangapuri","Gangapuri","ICRISAT_R15",9.29,8.26,5.18,913.58
"GPBD4","GPBD4","ICRISAT_R15",21.4,13.28,8.88,1940.36
"ICG10036","ICG10036","ICRISAT_R15",10.25,10.53,5.85,1077.34
"ICG10053","ICG10053","ICRISAT_R15",13.35,12.24,6.43,1382.12
"ICG10185","ICG10185","ICRISAT_R15",7.2,4.18,2.58,660.72
"ICG10701","ICG10701","ICRISAT_R15",17.65,10.02,5.68,1350.16
"ICG11088","ICG11088","ICRISAT_R15",6.71,7.64,4.86,1471.8
"ICG111","ICG111","ICRISAT_R15",5.61,3.97,1.88,478.75
"ICG11322","ICG11322","ICRISAT_R15",12.66,8.26,4.69,947.67
"ICG11337","ICG11337","ICRISAT_R15",8.82,7.5,4.04,1198.87
"ICG11426","ICG11426","ICRISAT_R15",13.29,9.58,5.36,1198.36
"ICG11651","ICG11651","ICRISAT_R15",12.18,8.62,5.08,1604.27
"ICG12276","ICG12276","ICRISAT_R15",5.84,5.15,2.73,541.63
"ICG12370","ICG12370","ICRISAT_R15",7.39,4.12,2.02,431.03
"ICG12509","ICG12509","ICRISAT_R15",9.45,6.43,3.63,659.15
"ICG12625","ICG12625","ICRISAT_R15",9.03,7.27,3.82,1222.39
"ICG12672","ICG12672","ICRISAT_R15",16.16,8.93,4.99,1003.69
"ICG12879","ICG12879","ICRISAT_R15",20.66,9.44,5.33,1163.24
"ICG12991","ICG12991","ICRISAT_R15",15.54,6.78,4.29,847.94
"ICG13895","ICG13895","ICRISAT_R15",4.06,2.7,1.61,465.75
"ICG14466","ICG14466","ICRISAT_R15",5.31,2.95,1.79,617.81
"ICG14475","ICG14475","ICRISAT_R15",9.48,5.69,3.08,575.81
"ICG14482","ICG14482","ICRISAT_R15",10.01,8.7,5.11,1099.46
"ICG14705","ICG14705","ICRISAT_R15",9.32,6.78,4.19,1219.65
"ICG14834","ICG14834","ICRISAT_R15",9.26,7.41,4.43,847.52
"ICG14985","ICG14985","ICRISAT_R15",9.47,6.54,2.88,1137.1
"ICG15190","ICG15190","ICRISAT_R15",10.87,4.59,2.48,572.45
"ICG15415","ICG15415","ICRISAT_R15",14.27,10.64,6.23,1994.28
"ICG15419","ICG15419","ICRISAT_R15",7.46,8.5,4.68,1268.01
"ICG156(M13)","ICG156(M13)","ICRISAT_R15",11.12,8.89,5.41,1464.8
"ICG1668","ICG1668","ICRISAT_R15",12.77,8.03,4.67,1310.36
"ICG1834","ICG1834","ICRISAT_R15",12.46,7.91,5.02,818.69
"ICG1973","ICG1973","ICRISAT_R15",14.06,6.4,3.34,864.24
"ICG2031","ICG2031","ICRISAT_R15",18.22,8.93,4.09,1534.17
"ICG2106","ICG2106","ICRISAT_R15",18.34,8.29,5.13,979.86
"ICG2381","ICG2381","ICRISAT_R15",10.68,6.19,3.26,1004.09
"ICG2773","ICG2773","ICRISAT_R15",5.3,3.18,1.54,527.25
"ICG2857","ICG2857","ICRISAT_R15",8.92,4.96,2.24,672.09
"ICG3027","ICG3027","ICRISAT_R15",8.83,5.09,2.83,639.92
"ICG3053","ICG3053","ICRISAT_R15",4.59,5,2.52,465.27
"ICG3102","ICG3102","ICRISAT_R15",14.48,7.52,3.58,1096.7
"ICG3140","ICG3140","ICRISAT_R15",11.55,5.18,2.62,943.31
"ICG3312","ICG3312","ICRISAT_R15",20.79,10.02,5.62,1313.82
"ICG3343","ICG3343","ICRISAT_R15",17.39,9.01,4.74,1121.16
"ICG3421","ICG3421","ICRISAT_R15",10.45,4.57,2.57,683.74
"ICG3584","ICG3584","ICRISAT_R15",13.7,6.44,4.08,792.62
"ICG3673","ICG3673","ICRISAT_R15",13.9,6.23,3.78,735.74
"ICG3746","ICG3746","ICRISAT_R15",13.38,6.36,3.67,868.33
"ICG434","ICG434","ICRISAT_R15",9.79,6.2,3.15,981.04
"ICG4343","ICG4343","ICRISAT_R15",4.6,3.4,2.1,605.01
"ICG442","ICG442","ICRISAT_R15",13.61,5.87,3.5,637.5
"ICG4527","ICG4527","ICRISAT_R15",8.77,5.96,4.02,900.95
"ICG4543","ICG4543","ICRISAT_R15",13.44,6.15,2.98,729.38
"ICG4729","ICG4729","ICRISAT_R15",15.63,7.72,5.02,732.27
"ICG4955","ICG4955","ICRISAT_R15",13.55,7.32,4.67,1029.91
"ICG5221","ICG5221","ICRISAT_R15",9.77,7.31,3.98,656.59
"ICG532","ICG532","ICRISAT_R15",7.73,7.13,4.32,1134.8
"ICG5662","ICG5662","ICRISAT_R15",5.24,6.25,2.85,948.79
"ICG5663","ICG5663","ICRISAT_R15",9.42,7.58,4.14,800.04
"ICG5745","ICG5745","ICRISAT_R15",9.87,9.48,5.52,1513.89
"ICG5891","ICG5891","ICRISAT_R15",10.13,6.62,3.12,671.74
"ICG6022","ICG6022","ICRISAT_R15",6.04,8.44,4.84,995.63
"ICG6646","ICG6646","ICRISAT_R15",6.33,5.16,2.84,781.44
"ICG6766","ICG6766","ICRISAT_R15",4.32,4.23,2.62,471.49
"ICG721","ICG721","ICRISAT_R15",7.97,4.75,2.75,623.24
"ICG8285","ICG8285","ICRISAT_R15",12.62,5.66,3.55,578.13
"ICG8517","ICG8517","ICRISAT_R15",8.77,8.49,4.66,1104.53
"ICG875","ICG875","ICRISAT_R15",5.11,2.54,1.55,394.9
"ICG8751","ICG8751","ICRISAT_R15",15.29,15.66,8.23,2083.35
"ICG9315","ICG9315","ICRISAT_R15",15.49,7.48,4.33,1324.07
"ICG9507","ICG9507","ICRISAT_R15",9.77,5.34,2.83,1085.05
"ICG9961","ICG9961","ICRISAT_R15",16.85,8.97,5.31,1098.65
"ICGS11","ICGS11","ICRISAT_R15",11.76,6.55,3.9,1070.4
"ICGS44","ICGS44","ICRISAT_R15",11.83,7.05,4.34,1096.45
"ICGS76","ICGS76","ICRISAT_R15",13.33,11.67,6.55,1930.79
"ICGV00005","ICGV00005","ICRISAT_R15",14.53,10.03,6.54,1163.05
"ICGV00068","ICGV00068","ICRISAT_R15",19.84,17.57,9.54,2219.46
"ICGV00191","ICGV00191","ICRISAT_R15",20.42,15.37,9.39,2238.47
"ICGV00246","ICGV00246","ICRISAT_R15",13.92,15.38,9.48,2162.85
"ICGV00248","ICGV00248","ICRISAT_R15",13.6,12.38,6.59,1993.36
"ICGV00290","ICGV00290","ICRISAT_R15",16.24,13.55,9.2,1522.06
"ICGV00321","ICGV00321","ICRISAT_R15",12.94,11.08,6.73,1811.2
"ICGV00343","ICGV00343","ICRISAT_R15",8.07,6.55,4.06,1297.17
"ICGV00346","ICGV00346","ICRISAT_R15",14.38,13.59,6.64,2120.18
"ICGV00349","ICGV00349","ICRISAT_R15",13.01,7.24,4.58,1046.51
"ICGV00350","ICGV00350","ICRISAT_R15",13.06,10.92,6.45,2517.18
"ICGV00351","ICGV00351","ICRISAT_R15",18.1,13.48,9.42,2862.33
"ICGV00362","ICGV00362","ICRISAT_R15",18.81,13.49,6.98,2240.52
"ICGV00371","ICGV00371","ICRISAT_R15",12.62,8.41,4.33,1216.69
"ICGV00387","ICGV00387","ICRISAT_R15",12.8,7.66,3.81,1563.19
"ICGV00440","ICGV00440","ICRISAT_R15",10.01,10.24,4.54,1668.43
"ICGV01005","ICGV01005","ICRISAT_R15",10.95,7.11,3.67,1348.21
"ICGV01060","ICGV01060","ICRISAT_R15",21.41,15.74,10.07,2385.35
"ICGV01124","ICGV01124","ICRISAT_R15",15.85,10.05,5.64,1640.81
"ICGV01232","ICGV01232","ICRISAT_R15",16.59,16.77,8.89,2280.94
"ICGV01263","ICGV01263","ICRISAT_R15",16.47,14.3,8.38,1732.03
"ICGV01265","ICGV01265","ICRISAT_R15",15.01,12.66,7.84,1575.43
"ICGV01273","ICGV01273","ICRISAT_R15",20.45,12.61,7.98,2908.32
"ICGV01274","ICGV01274","ICRISAT_R15",16.45,14.54,9.3,2687.99
"ICGV01276","ICGV01276","ICRISAT_R15",25.88,19.71,12.14,2868.25
"ICGV01328","ICGV01328","ICRISAT_R15",15.18,9.2,6.1,1350.35
"ICGV01361","ICGV01361","ICRISAT_R15",15.01,12.51,7.79,2644.16
"ICGV01393","ICGV01393","ICRISAT_R15",9.1,9.76,5.01,1653.11
"ICGV01464","ICGV01464","ICRISAT_R15",9.91,11.35,4.71,1747.73
"ICGV01478","ICGV01478","ICRISAT_R15",10.01,11.89,5.45,1694.45
"ICGV01495","ICGV01495","ICRISAT_R15",13.35,13.88,8.37,2718.82
"ICGV02022","ICGV02022","ICRISAT_R15",12.88,6.95,4.11,1174.14
"ICGV02038","ICGV02038","ICRISAT_R15",5.28,3.06,1.89,356.76
"ICGV02125","ICGV02125","ICRISAT_R15",9.42,5.96,4.43,725.22
"ICGV02144","ICGV02144","ICRISAT_R15",17.38,11.36,6.5,1703.82
"ICGV02189","ICGV02189","ICRISAT_R15",19.95,14.21,8.61,1539.72
"ICGV02194","ICGV02194","ICRISAT_R15",17.82,8.44,5.04,1413.83
"ICGV02206","ICGV02206","ICRISAT_R15",11.82,7.86,5.69,1739.09
"ICGV02242","ICGV02242","ICRISAT_R15",13.65,14.55,7.86,2295.69
"ICGV02251","ICGV02251","ICRISAT_R15",16.97,9.28,4.91,907.46
"ICGV02266","ICGV02266","ICRISAT_R15",18.97,9.68,5.63,2085.42
"ICGV02271","ICGV02271","ICRISAT_R15",15.72,11.36,7,1909.09
"ICGV02286","ICGV02286","ICRISAT_R15",27.03,19.95,13.49,2336.6
"ICGV02287","ICGV02287","ICRISAT_R15",15.1,14.33,6.74,2001.48
"ICGV02290","ICGV02290","ICRISAT_R15",10.81,8.4,4.98,1341.17
"ICGV02298","ICGV02298","ICRISAT_R15",9.3,6.76,3.41,1048.42
"ICGV02317","ICGV02317","ICRISAT_R15",23.19,17.27,6.07,2492.36
"ICGV02321","ICGV02321","ICRISAT_R15",22.45,16.19,9.91,3059.33
"ICGV02323","ICGV02323","ICRISAT_R15",18.19,14.67,9.48,2803.7
"ICGV02411","ICGV02411","ICRISAT_R15",22.97,20.95,13.26,3058.39
"ICGV02434","ICGV02434","ICRISAT_R15",22.62,15.35,8.61,2355.63
"ICGV02446","ICGV02446","ICRISAT_R15",11.14,10.56,6.4,1510.29
"ICGV03042","ICGV03042","ICRISAT_R15",20.26,19.15,10.92,2483.12
"ICGV03043","ICGV03043","ICRISAT_R15",23.24,19.22,11.52,2887.75
"ICGV03056","ICGV03056","ICRISAT_R15",23.8,14.64,4.61,2316.47
"ICGV03064","ICGV03064","ICRISAT_R15",22.68,19.75,11.06,3483.98
"ICGV03128","ICGV03128","ICRISAT_R15",12.62,9.22,6.38,2045.39
"ICGV03136","ICGV03136","ICRISAT_R15",9.42,11.92,5.34,2060.72
"ICGV03184","ICGV03184","ICRISAT_R15",21.87,15.18,9.49,2263.37
"ICGV03207","ICGV03207","ICRISAT_R15",17.9,8.03,4.47,1200.42
"ICGV03397","ICGV03397","ICRISAT_R15",15.44,6.48,3.96,1702.62
"ICGV03398","ICGV03398","ICRISAT_R15",18.17,11.19,6.53,1443.78
"ICGV04018","ICGV04018","ICRISAT_R15",10.79,6.92,4.26,1260.8
"ICGV04044","ICGV04044","ICRISAT_R15",17.54,12.78,6.32,2243.45
"ICGV04087","ICGV04087","ICRISAT_R15",16,13.36,7.51,2508.2
"ICGV04115","ICGV04115","ICRISAT_R15",23.13,18.57,10.44,1838.45
"ICGV04124","ICGV04124","ICRISAT_R15",14.25,10.87,6.39,1501.55
"ICGV04149","ICGV04149","ICRISAT_R15",17.12,11.71,6.89,1624.38
"ICGV05032","ICGV05032","ICRISAT_R15",15.74,13.79,6.7,2360.61
"ICGV05036","ICGV05036","ICRISAT_R15",16.19,15.07,8.4,2909.06
"ICGV05057","ICGV05057","ICRISAT_R15",19.46,19.59,11.66,1856.64
"ICGV05100","ICGV05100","ICRISAT_R15",20.1,15.47,6.16,2386.86
"ICGV05141","ICGV05141","ICRISAT_R15",21.8,19.89,12.67,2959.23
"ICGV05155","ICGV05155","ICRISAT_R15",22.33,15.6,9.98,3257.29
"ICGV05161","ICGV05161","ICRISAT_R15",21.33,18.8,10.79,3149.8
"ICGV05163","ICGV05163","ICRISAT_R15",20.46,18.25,9.96,3142.27
"ICGV05176","ICGV05176","ICRISAT_R15",10.69,13.06,8.34,1855.58
"ICGV05198","ICGV05198","ICRISAT_R15",6.55,8.73,4.77,1970.96
"ICGV06040","ICGV06040","ICRISAT_R15",19.95,13.42,5.88,2477.12
"ICGV06042","ICGV06042","ICRISAT_R15",15.32,11.42,7.09,2563.36
"ICGV06049","ICGV06049","ICRISAT_R15",16.05,8.21,4.42,1138.99
"ICGV06099","ICGV06099","ICRISAT_R15",14.91,11.39,6.59,1806.64
"ICGV06110","ICGV06110","ICRISAT_R15",10.61,12.75,6.79,2048.78
"ICGV06142","ICGV06142","ICRISAT_R15",21.04,21.09,11.79,3477.83
"ICGV06175","ICGV06175","ICRISAT_R15",17.74,12.94,7.4,1971.85
"ICGV06188","ICGV06188","ICRISAT_R15",10.61,12.68,7.62,1566.39
"ICGV06234","ICGV06234","ICRISAT_R15",10.53,9.26,5.03,1587.76
"ICGV06347","ICGV06347","ICRISAT_R15",15.13,10.69,6.52,1743.1
"ICGV06420","ICGV06420","ICRISAT_R15",16,11.92,7.4,2367.42
"ICGV06422","ICGV06422","ICRISAT_R15",22.21,17.4,10.83,2812.92
"ICGV06423","ICGV06423","ICRISAT_R15",22.8,16.92,10.5,2901.69
"ICGV06424","ICGV06424","ICRISAT_R15",23.27,13.93,8.33,2411.92
"ICGV06431","ICGV06431","ICRISAT_R15",17.33,10,5.69,1105.92
"ICGV07023","ICGV07023","ICRISAT_R15",15.69,10.19,5.08,1232.74
"ICGV07120","ICGV07120","ICRISAT_R15",16.67,13.64,8.51,2463.17
"ICGV07145","ICGV07145","ICRISAT_R15",18.4,11.34,5.8,2380.17
"ICGV07148","ICGV07148","ICRISAT_R15",18.53,10.74,6.39,1144.69
"ICGV07166","ICGV07166","ICRISAT_R15",20.85,14.33,8.11,2546.33
"ICGV07168","ICGV07168","ICRISAT_R15",14.63,9.96,5.71,1043.91
"ICGV07210","ICGV07210","ICRISAT_R15",22.36,10.38,8.62,1863.14
"ICGV07217","ICGV07217","ICRISAT_R15",18.81,10.32,6.54,1004.08
"ICGV07220","ICGV07220","ICRISAT_R15",19.69,14.55,7.78,1752.41
"ICGV07223","ICGV07223","ICRISAT_R15",13.15,8.84,4.69,2779.07
"ICGV07227","ICGV07227","ICRISAT_R15",22.53,14.09,8.38,2788.47
"ICGV07235","ICGV07235","ICRISAT_R15",19.48,14.67,8.75,2811.38
"ICGV07246","ICGV07246","ICRISAT_R15",22.75,16.42,9.91,3003.59
"ICGV07247","ICGV07247","ICRISAT_R15",21.88,17.32,11.02,2886.5
"ICGV07268","ICGV07268","ICRISAT_R15",6.67,6.04,3.93,1518.63
"ICGV07273","ICGV07273","ICRISAT_R15",21.44,11.74,7.54,1169.68
"ICGV07359","ICGV07359","ICRISAT_R15",16.52,11.62,5.81,1648.54
"ICGV07368","ICGV07368","ICRISAT_R15",9.25,8.66,5.7,1177.63
"ICGV09112","ICGV09112","ICRISAT_R15",17.82,9.77,5.93,1733.22
"ICGV86011","ICGV86011","ICRISAT_R15",20.11,10.54,6.12,1403.86
"ICGV86015","ICGV86015","ICRISAT_R15",14.51,9.58,5.93,1657.78
"ICGV86072","ICGV86072","ICRISAT_R15",14.95,10.83,5.56,1662.82
"ICGV86143","ICGV86143","ICRISAT_R15",11.29,8.65,5.73,1372.84
"ICGV86325","ICGV86325","ICRISAT_R15",21.93,12.94,7.7,1729.57
"ICGV86352","ICGV86352","ICRISAT_R15",17.67,10.65,6.53,1415.66
"ICGV86564","ICGV86564","ICRISAT_R15",6.78,5.89,4.17,1005.4
"ICGV86590","ICGV86590","ICRISAT_R15",15.08,12.38,7.01,1771.92
"ICGV86699","ICGV86699","ICRISAT_R15",12.5,9.01,5.23,1173.13
"ICGV87160","ICGV87160","ICRISAT_R15",9.41,4.13,2.47,696.13
"ICGV87187","ICGV87187","ICRISAT_R15",17.36,9.24,6.39,1954.65
"ICGV87354","ICGV87354","ICRISAT_R15",9.51,4.8,2.22,700.54
"ICGV87378","ICGV87378","ICRISAT_R15",14.86,10.65,6.54,1270.02
"ICGV87846","ICGV87846","ICRISAT_R15",12.49,11.6,5.57,2164.34
"ICGV87921","ICGV87921","ICRISAT_R15",19.09,11.76,5.83,1585.86
"ICGV88145","ICGV88145","ICRISAT_R15",16.46,11.99,6.37,1222.17
"ICGV88438","ICGV88438","ICRISAT_R15",11,9.1,4.33,851.72
"ICGV89104","ICGV89104","ICRISAT_R15",7.33,3.74,1.93,564.04
"ICGV90320","ICGV90320","ICRISAT_R15",12.55,10.99,6.21,2459.74
"ICGV91114","ICGV91114","ICRISAT_R15",13.16,9.69,6.07,1388.63
"ICGV91116","ICGV91116","ICRISAT_R15",15.05,8.52,5.07,1008.98
"ICGV92195","ICGV92195","ICRISAT_R15",18.53,8.65,4.96,922.69
"ICGV92267","ICGV92267","ICRISAT_R15",16.29,11.65,6.42,2512.74
"ICGV93216","ICGV93216","ICRISAT_R15",21.77,12.55,7.14,2251.13
"ICGV93280","ICGV93280","ICRISAT_R15",22.49,12.01,7.25,2335.58
"ICGV93437","ICGV93437","ICRISAT_R15",22.81,10.24,6.49,1358.77
"ICGV93470","ICGV93470","ICRISAT_R15",16.17,9.52,5.75,1339.89
"ICGV93920","ICGV93920","ICRISAT_R15",17.27,10.17,6.12,2335.06
"ICGV94118","ICGV94118","ICRISAT_R15",15.19,11.94,6.59,2297.26
"ICGV94169","ICGV94169","ICRISAT_R15",17.19,11.96,6.68,1808.36
"ICGV94361","ICGV94361","ICRISAT_R15",10.97,6.91,4.02,1257.79
"ICGV95058","ICGV95058","ICRISAT_R15",10.18,8.41,5.38,1832.7
"ICGV95070","ICGV95070","ICRISAT_R15",21.04,10.5,5.12,1309.24
"ICGV95290","ICGV95290","ICRISAT_R15",20.39,12.77,8.68,1688.98
"ICGV95377","ICGV95377","ICRISAT_R15",13.84,9.59,5.82,1729.2
"ICGV95469","ICGV95469","ICRISAT_R15",15.15,10.09,6.99,1933.07
"ICGV96466","ICGV96466","ICRISAT_R15",12.77,8.37,5.32,1099.72
"ICGV96468","ICGV96468","ICRISAT_R15",12.27,9.19,5.27,1702.52
"ICGV97045","ICGV97045","ICRISAT_R15",9.75,11.03,6.27,1683.39
"ICGV97058","ICGV97058","ICRISAT_R15",10.14,7.79,4.94,1481.86
"ICGV97092","ICGV97092","ICRISAT_R15",17.24,10.95,5.81,1871.36
"ICGV97115","ICGV97115","ICRISAT_R15",21.62,15.13,8.48,1772.92
"ICGV97116","ICGV97116","ICRISAT_R15",7.23,5.19,3.19,855.63
"ICGV97120","ICGV97120","ICRISAT_R15",13.14,12,5.77,2286.58
"ICGV97128","ICGV97128","ICRISAT_R15",21.35,18.25,11.37,2754.21
"ICGV97165","ICGV97165","ICRISAT_R15",8.81,8.73,4.67,871.77
"ICGV97182","ICGV97182","ICRISAT_R15",17.07,11.05,6.8,1906.78
"ICGV97183","ICGV97183","ICRISAT_R15",11.17,8.73,4.96,1217.97
"ICGV97232","ICGV97232","ICRISAT_R15",14.55,6.92,4.05,992.4
"ICGV97261","ICGV97261","ICRISAT_R15",20.98,10.54,6.67,1185.7
"ICGV97262","ICGV97262","ICRISAT_R15",11.33,6.59,4.71,1170.22
"ICGV98105","ICGV98105","ICRISAT_R15",16.99,14.18,7.77,2302.3
"ICGV98163","ICGV98163","ICRISAT_R15",19.09,11.71,7.29,2190.98
"ICGV98184","ICGV98184","ICRISAT_R15",21.76,14.91,7.56,1866.22
"ICGV98294","ICGV98294","ICRISAT_R15",13.8,13.7,7.99,2410.92
"ICGV98373","ICGV98373","ICRISAT_R15",17.34,10.41,5.72,1217.38
"ICGV98432","ICGV98432","ICRISAT_R15",8.44,8,4.64,851.96
"ICGV99029","ICGV99029","ICRISAT_R15",21.09,14.67,8.72,2407.33
"ICGV99051","ICGV99051","ICRISAT_R15",17.56,16.78,10.15,2229.95
"ICGV99052","ICGV99052","ICRISAT_R15",16.1,17.2,10.65,2909.56
"ICGV99083","ICGV99083","ICRISAT_R15",7.5,5.04,2.23,914.1
"ICGV99085","ICGV99085","ICRISAT_R15",24.69,14.52,7.89,1817.37
"ICGV99160","ICGV99160","ICRISAT_R15",19.44,17.21,10.45,2536.23
"ICGV99181","ICGV99181","ICRISAT_R15",12.29,8.05,5.29,1059.37
"ICGV99195","ICGV99195","ICRISAT_R15",9.74,8.9,5.36,1419.93
"ICGV99233","ICGV99233","ICRISAT_R15",19.43,15.21,8.68,1938.57
"ICR48","ICR48","ICRISAT_R15",14.53,11.18,7.16,1696.87
"J11","J11","ICRISAT_R15",18.63,9.56,5.52,1176.32
"JL24","JL24","ICRISAT_R15",22.53,9.96,6.15,1282.81
"M110-14","M110-14","ICRISAT_R15",9.26,9.44,5.24,1199.75
"M28-2","M28-2","ICRISAT_R15",12.71,10.74,6.58,2224.56
"MN1-35","MN1-35","ICRISAT_R15",7.39,5.3,2.45,1435.42
"Mutant3","Mutant3","ICRISAT_R15",12.7,5.73,3.02,831.52
"Somnath","Somnath","ICRISAT_R15",19.27,11.05,6.51,1609.55
"TAG24","TAG24","ICRISAT_R15",10.92,5.38,2.79,733.45
"TDG10","TDG10","ICRISAT_R15",11.42,7.61,4.69,1462.92
"TDG13","TDG13","ICRISAT_R15",16.6,9.99,5.67,1497.3
"TDG14","TDG14","ICRISAT_R15",10.56,8.45,5.11,1481.22
"TG19","TG19","ICRISAT_R15",11.72,7.66,4.91,1428.19
"TG39","TG39","ICRISAT_R15",13.08,8.17,3.93,1266.26
"TG41","TG41","ICRISAT_R15",11.71,9.89,4.93,1663.05
"TG42","TG42","ICRISAT_R15",8.22,7.33,4.59,1575.33
"TG49","TG49","ICRISAT_R15",9.74,9.15,5.01,1254.12
"TGLPS3","TGLPS3","ICRISAT_R15",10.36,8.29,4.76,1372.12
"TGLPS4","TGLPS4","ICRISAT_R15",10.3,7.56,4.19,1400.91
"TGLPS7","TGLPS7","ICRISAT_R15",14,7.12,3.89,1228.22
"TKG19A","TKG19A","ICRISAT_R15",14.01,8.33,4.78,1526.26
"TMV2","TMV2","ICRISAT_R15",6.78,10.05,4.38,858.64
"TMV2NLM","TMV2NLM","ICRISAT_R15",18.55,10.11,6.25,1252.37
"TPG41","TPG41","ICRISAT_R15",6.7,7.53,3.6,1335.26
"24×37-2275","24×37-2275","JALGOAN_R15",13.8,9.9,5.31,765.2
"24×39-31MR","24×39-31MR","JALGOAN_R15",15.2,7.2,3.72,1212.77
"24M-86","24M-86","JALGOAN_R15",10.2,7.1,3.62,1060.82
"26×27-164","26×27-164","JALGOAN_R15",14.9,11.2,7.14,2903.58
"26×37-IV-9IR","26×37-IV-9IR","JALGOAN_R15",23.8,16.5,10.72,3043.58
"26×M-223-1","26×M-223-1","JALGOAN_R15",20.8,9.4,4.85,1329.92
"26×M-95-1RI","26×M-95-1RI","JALGOAN_R15",18,8.4,5.33,1025.55
"26M-119-1","26M-119-1","JALGOAN_R15",11.5,8.1,5.18,1024.17
"26M156-2","26M156-2","JALGOAN_R15",25.6,14.5,7.08,1433.54
"27×49-12","27×49-12","JALGOAN_R15",14.35,7.49,4.18,983.96
"27×49-14","27×49-14","JALGOAN_R15",14.6,10.7,6.24,1280
"27×49-16","27×49-16","JALGOAN_R15",11.9,10.4,6.5,1489.47
"27×49-27-1","27×49-27-1","JALGOAN_R15",18.3,14.8,7.56,2093.27
"39×49-77","39×49-77","JALGOAN_R15",22,17.1,8.65,1696.45
"39×49-8","39×49-8","JALGOAN_R15",20.85,13.88,7.7,1739.52
"39×49-81-1","39×49-81-1","JALGOAN_R15",20.6,14.7,8.09,2079.45
"49×27-13(ii)","49×27-13(ii)","JALGOAN_R15",14.5,15.1,8.19,1765.79
"49×27-19","49×27-19","JALGOAN_R15",11.2,8.5,4.52,1342.53
"49×27-37","49×27-37","JALGOAN_R15",12.4,6.2,3.07,888.36
"49×37-134","49×37-134","JALGOAN_R15",13.6,7.6,4.03,998.4
"49×37-135","49×37-135","JALGOAN_R15",11,9.7,5.25,835.3
"49×37-90","49×37-90","JALGOAN_R15",14.1,10.1,6.13,1791.61
"49×37-91","49×37-91","JALGOAN_R15",16.2,13.4,8.51,3050.64
"49×37-97-1","49×37-97-1","JALGOAN_R15",15.1,12.5,5.91,1820.27
"49×37-99(b)tall","49×37-99(b)tall","JALGOAN_R15",13.4,13.7,8.68,1689.48
"49×39-20-2","49×39-20-2","JALGOAN_R15",9.8,9.7,5.74,2023.62
"49×39-21-1","49×39-21-1","JALGOAN_R15",14.7,8.7,4.95,1331.97
"49×39-21-2","49×39-21-2","JALGOAN_R15",12.8,7.95,3.28,925.04
"49×39-21-2(a)","49×39-21-2(a)","JALGOAN_R15",23.5,13.83,8.2,1906.83
"49×39-74","49×39-74","JALGOAN_R15",32,14.8,9.4,1719.43
"49×39-8","49×39-8","JALGOAN_R15",16.4,10.8,6.48,1463.14
"49M-1-1","49M-1-1","JALGOAN_R15",20,15.45,9.5,1252.49
"49M-16","49M-16","JALGOAN_R15",21.5,11.1,6.36,1931.81
"49M-2-2","49M-2-2","JALGOAN_R15",13.5,8.7,5.1,938.12
"BAU13","BAU13","JALGOAN_R15",10,10.5,5.49,1225.98
"CS39","CS39","JALGOAN_R15",11.8,8.2,4.57,942.93
"CSMG84-1","CSMG84-1","JALGOAN_R15",21.3,12.95,8.18,1852.61
"DH86","DH86","JALGOAN_R15",22.1,17.2,13.07,2278.29
"DTG15","DTG15","JALGOAN_R15",20.5,13.25,8.49,1262.27
"DTG3","DTG3","JALGOAN_R15",20.6,12,7.43,2161.37
"Faizpur1-5","Faizpur1-5","JALGOAN_R15",18.4,11.2,6.95,2474.16
"Gangapuri","Gangapuri","JALGOAN_R15",8.8,6.1,3.51,1039.62
"GPBD4","GPBD4","JALGOAN_R15",17,6.1,3.69,1098.22
"ICG10036","ICG10036","JALGOAN_R15",11.87,7.85,3.56,954.24
"ICG10053","ICG10053","JALGOAN_R15",13.6,14.7,8.9,1700.72
"ICG10185","ICG10185","JALGOAN_R15",10.3,6.3,3.35,806.18
"ICG10701","ICG10701","JALGOAN_R15",17.4,13.5,8.7,1737.18
"ICG11088","ICG11088","JALGOAN_R15",9.85,5.9,3.65,754.41
"ICG111","ICG111","JALGOAN_R15",20,16.05,8.7,890.09
"ICG11322","ICG11322","JALGOAN_R15",14.6,8.3,5.18,1252.63
"ICG11337","ICG11337","JALGOAN_R15",8.55,6.55,4.24,729.14
"ICG11426","ICG11426","JALGOAN_R15",5.2,2.2,1.12,684.82
"ICG11651","ICG11651","JALGOAN_R15",5.3,3.6,1.81,1777.98
"ICG12276","ICG12276","JALGOAN_R15",4.9,2.2,1.02,515.28
"ICG12370","ICG12370","JALGOAN_R15",5.7,2.3,1.13,482.45
"ICG12509","ICG12509","JALGOAN_R15",8.27,5.04,2.6,664.21
"ICG12625","ICG12625","JALGOAN_R15",8.8,6.2,3.08,1175.65
"ICG12672","ICG12672","JALGOAN_R15",14.55,8.85,4.96,806.55
"ICG12879","ICG12879","JALGOAN_R15",22.75,13.85,9.42,1716.93
"ICG12991","ICG12991","JALGOAN_R15",24,14.63,10.1,1325.71
"ICG13895","ICG13895","JALGOAN_R15",11.43,7.3,3.6,801.91
"ICG14466","ICG14466","JALGOAN_R15",7.8,3.25,1.7,741.63
"ICG14475","ICG14475","JALGOAN_R15",17.25,8.28,3.66,2927.66
"ICG14482","ICG14482","JALGOAN_R15",7.2,6,3.07,878.63
"ICG14705","ICG14705","JALGOAN_R15",15.1,10.78,6.64,1804.91
"ICG14834","ICG14834","JALGOAN_R15",18.1,10.51,6.27,1636.01
"ICG14985","ICG14985","JALGOAN_R15",15.8,11.7,7.19,2441.73
"ICG15190","ICG15190","JALGOAN_R15",7.9,4.4,2.35,664.81
"ICG15415","ICG15415","JALGOAN_R15",15.7,10,5.59,1161.23
"ICG15419","ICG15419","JALGOAN_R15",7.7,10.3,4.95,1377.44
"ICG156(M13)","ICG156(M13)","JALGOAN_R15",9.7,6.7,4.1,1011.33
"ICG1668","ICG1668","JALGOAN_R15",14.4,8.8,5.77,1567.98
"ICG1834","ICG1834","JALGOAN_R15",11.8,8.6,5.47,991.45
"ICG1973","ICG1973","JALGOAN_R15",18.1,9.8,6.51,1597.69
"ICG2031","ICG2031","JALGOAN_R15",16.5,7,4.55,1213.98
"ICG2106","ICG2106","JALGOAN_R15",17.3,10.5,6.75,809.91
"ICG2381","ICG2381","JALGOAN_R15",3.8,2.1,1.08,1140.89
"ICG2773","ICG2773","JALGOAN_R15",5,2.75,2.15,495.63
"ICG2857","ICG2857","JALGOAN_R15",10.27,7.55,4.05,683.3
"ICG3027","ICG3027","JALGOAN_R15",9.2,6,3.25,880.8
"ICG3053","ICG3053","JALGOAN_R15",6.8,3.9,2.42,629.25
"ICG3102","ICG3102","JALGOAN_R15",14.8,10.4,6.17,1289.84
"ICG3140","ICG3140","JALGOAN_R15",11.2,8.3,4.9,1107.07
"ICG3312","ICG3312","JALGOAN_R15",12.5,5.1,3.06,744.37
"ICG3343","ICG3343","JALGOAN_R15",17.4,12.5,7.32,1552.46
"ICG3421","ICG3421","JALGOAN_R15",14.1,7.5,4.88,1491.32
"ICG3584","ICG3584","JALGOAN_R15",25,15.25,9.05,2346.56
"ICG3673","ICG3673","JALGOAN_R15",8.6,6.2,4.84,925.18
"ICG3746","ICG3746","JALGOAN_R15",22.85,9.7,6.24,1124.56
"ICG434","ICG434","JALGOAN_R15",17.82,9.58,5.8,1130.07
"ICG4343","ICG4343","JALGOAN_R15",8.8,5.8,3.24,681.9
"ICG442","ICG442","JALGOAN_R15",10.1,5.8,3.69,624.14
"ICG4527","ICG4527","JALGOAN_R15",8.6,5.2,2.72,456.45
"ICG4543","ICG4543","JALGOAN_R15",19.2,9.5,6.11,1230.24
"ICG4729","ICG4729","JALGOAN_R15",20.1,11.6,7,1313.02
"ICG4955","ICG4955","JALGOAN_R15",22.13,12.87,8.15,976.74
"ICG5221","ICG5221","JALGOAN_R15",11.9,11,6.17,1066.62
"ICG532","ICG532","JALGOAN_R15",10.1,5.3,2.79,664.96
"ICG5662","ICG5662","JALGOAN_R15",5.68,4.13,1.95,371.73
"ICG5663","ICG5663","JALGOAN_R15",5.8,3.7,1.98,543.42
"ICG5745","ICG5745","JALGOAN_R15",10.9,6.6,4.04,749.14
"ICG5891","ICG5891","JALGOAN_R15",17.85,11.7,6.91,965.09
"ICG6022","ICG6022","JALGOAN_R15",7.6,8.7,3.74,928.55
"ICG6646","ICG6646","JALGOAN_R15",5.5,6.9,3.02,623.13
"ICG6766","ICG6766","JALGOAN_R15",4.45,4.35,2.4,582.59
"ICG721","ICG721","JALGOAN_R15",13.3,7.1,3.3,735.93
"ICG8285","ICG8285","JALGOAN_R15",9.65,6.1,3.12,663.07
"ICG8517","ICG8517","JALGOAN_R15",8.3,7.2,3.93,1084.17
"ICG875","ICG875","JALGOAN_R15",13.3,7.1,3.75,778.17
"ICG8751","ICG8751","JALGOAN_R15",5.3,3.8,1.93,1066.44
"ICG9315","ICG9315","JALGOAN_R15",14.6,9.4,5.7,1528.79
"ICG9507","ICG9507","JALGOAN_R15",11.2,9.6,5.94,1907.88
"ICG9961","ICG9961","JALGOAN_R15",12.7,6.6,3.83,996.13
"ICGS11","ICGS11","JALGOAN_R15",17,10.4,6.09,1544.32
"ICGS44","ICGS44","JALGOAN_R15",11,8.85,5,1135.47
"ICGS76","ICGS76","JALGOAN_R15",12.55,9.42,5.32,1242.84
"ICGV00005","ICGV00005","JALGOAN_R15",29.4,17.65,11.2,3546.27
"ICGV00068","ICGV00068","JALGOAN_R15",14.7,9.5,4.7,2159.88
"ICGV00191","ICGV00191","JALGOAN_R15",23.3,13.2,7.87,2773.42
"ICGV00246","ICGV00246","JALGOAN_R15",9.4,5.9,3.02,649.31
"ICGV00248","ICGV00248","JALGOAN_R15",19,11.1,6.34,1656.82
"ICGV00290","ICGV00290","JALGOAN_R15",23.7,15.1,8.76,2219.95
"ICGV00321","ICGV00321","JALGOAN_R15",15.5,11.6,7.31,1257.97
"ICGV00343","ICGV00343","JALGOAN_R15",12,10.7,5.84,2541.89
"ICGV00346","ICGV00346","JALGOAN_R15",12.7,7.3,4.36,1429.73
"ICGV00349","ICGV00349","JALGOAN_R15",18.7,11.2,6.67,1913.99
"ICGV00350","ICGV00350","JALGOAN_R15",29,18.15,10.61,2442.24
"ICGV00351","ICGV00351","JALGOAN_R15",18.6,10.6,6.42,2810.57
"ICGV00362","ICGV00362","JALGOAN_R15",11.3,5.7,2.98,1107.23
"ICGV00371","ICGV00371","JALGOAN_R15",19.2,9.3,5.12,1316.56
"ICGV00387","ICGV00387","JALGOAN_R15",16.9,12.8,5.95,2569.81
"ICGV00440","ICGV00440","JALGOAN_R15",11.3,11.3,5.96,1405.18
"ICGV01005","ICGV01005","JALGOAN_R15",14.5,11,7.16,1722.33
"ICGV01060","ICGV01060","JALGOAN_R15",14.25,7.55,4.38,737.47
"ICGV01124","ICGV01124","JALGOAN_R15",14.9,8.1,4.87,1407.73
"ICGV01232","ICGV01232","JALGOAN_R15",14.4,12.5,6.37,1415.62
"ICGV01263","ICGV01263","JALGOAN_R15",16.1,15.4,9.23,1821.74
"ICGV01265","ICGV01265","JALGOAN_R15",17.8,11.3,6.38,1446.64
"ICGV01273","ICGV01273","JALGOAN_R15",25.6,15.65,9.51,2950.08
"ICGV01274","ICGV01274","JALGOAN_R15",26.5,20.2,12.55,3982.04
"ICGV01276","ICGV01276","JALGOAN_R15",22.8,15.4,9.24,2813.87
"ICGV01328","ICGV01328","JALGOAN_R15",5.5,3,1.65,587.68
"ICGV01361","ICGV01361","JALGOAN_R15",18,12.3,7.78,1712
"ICGV01393","ICGV01393","JALGOAN_R15",13.4,9.3,4.89,1421.47
"ICGV01464","ICGV01464","JALGOAN_R15",7.8,6.1,2.94,828.56
"ICGV01478","ICGV01478","JALGOAN_R15",11.7,10.5,5.33,926.03
"ICGV01495","ICGV01495","JALGOAN_R15",19.8,18.43,10.8,2281.63
"ICGV02022","ICGV02022","JALGOAN_R15",19.7,12.4,7.54,1492.49
"ICGV02038","ICGV02038","JALGOAN_R15",17.9,14.2,9.53,1497.05
"ICGV02125","ICGV02125","JALGOAN_R15",16.2,8.8,5.58,1942.77
"ICGV02144","ICGV02144","JALGOAN_R15",18.5,13.35,7.6,1649.14
"ICGV02189","ICGV02189","JALGOAN_R15",15.9,8.6,5.37,969.01
"ICGV02194","ICGV02194","JALGOAN_R15",11.9,7.3,4.38,988.29
"ICGV02206","ICGV02206","JALGOAN_R15",24.9,17.2,11.12,2591.48
"ICGV02242","ICGV02242","JALGOAN_R15",15.5,13.7,7.51,2154.14
"ICGV02251","ICGV02251","JALGOAN_R15",9.2,5.4,3.37,759.72
"ICGV02266","ICGV02266","JALGOAN_R15",8.1,5.2,3.06,821.19
"ICGV02271","ICGV02271","JALGOAN_R15",15.9,9.1,5.06,2270.29
"ICGV02286","ICGV02286","JALGOAN_R15",17.4,11.1,7.32,1743.87
"ICGV02287","ICGV02287","JALGOAN_R15",14.5,9,5.54,1755.79
"ICGV02290","ICGV02290","JALGOAN_R15",10.8,6.5,3.95,661.57
"ICGV02298","ICGV02298","JALGOAN_R15",21.22,14.8,8.99,1107.37
"ICGV02317","ICGV02317","JALGOAN_R15",16.5,9.3,5.54,2450.35
"ICGV02321","ICGV02321","JALGOAN_R15",20.8,12.5,7.63,1889.97
"ICGV02323","ICGV02323","JALGOAN_R15",29.15,21.28,12.01,3157.49
"ICGV02411","ICGV02411","JALGOAN_R15",20.9,15.3,8.45,2753.78
"ICGV02434","ICGV02434","JALGOAN_R15",6.8,3.1,1.6,367.32
"ICGV02446","ICGV02446","JALGOAN_R15",17.6,10.3,5.82,1250.41
"ICGV03042","ICGV03042","JALGOAN_R15",25.6,18.2,11.1,4660.16
"ICGV03043","ICGV03043","JALGOAN_R15",26.9,19.4,11.06,2476.79
"ICGV03056","ICGV03056","JALGOAN_R15",20.9,16.3,10.26,4864.47
"ICGV03064","ICGV03064","JALGOAN_R15",26.6,23.8,12.88,4548.99
"ICGV03128","ICGV03128","JALGOAN_R15",20.9,13.3,8.78,3718.77
"ICGV03136","ICGV03136","JALGOAN_R15",9.1,9.3,5.34,1132.39
"ICGV03184","ICGV03184","JALGOAN_R15",15.22,10.32,6.28,1448.81
"ICGV03207","ICGV03207","JALGOAN_R15",17,10,6.47,1431.54
"ICGV03397","ICGV03397","JALGOAN_R15",20.5,9.4,5.74,1037.49
"ICGV03398","ICGV03398","JALGOAN_R15",27.2,16.98,11.33,1964.21
"ICGV04018","ICGV04018","JALGOAN_R15",15.1,14.1,9.66,1693.51
"ICGV04044","ICGV04044","JALGOAN_R15",15.9,9.9,4.84,1681.95
"ICGV04087","ICGV04087","JALGOAN_R15",21.1,14.6,7.53,1937.64
"ICGV04115","ICGV04115","JALGOAN_R15",10,5.5,4.03,696.5
"ICGV04124","ICGV04124","JALGOAN_R15",17.2,11.9,7.13,1921.12
"ICGV04149","ICGV04149","JALGOAN_R15",26.55,17.15,9.05,2379.68
"ICGV05032","ICGV05032","JALGOAN_R15",19.6,12.8,6.47,2204.37
"ICGV05036","ICGV05036","JALGOAN_R15",27.4,20.1,11.28,2590.92
"ICGV05057","ICGV05057","JALGOAN_R15",13.4,8.8,5.28,1222.28
"ICGV05100","ICGV05100","JALGOAN_R15",26.2,15.35,8.26,1492.89
"ICGV05141","ICGV05141","JALGOAN_R15",22,15.4,9.09,2581.14
"ICGV05155","ICGV05155","JALGOAN_R15",21.8,16.2,9.97,3610.38
"ICGV05161","ICGV05161","JALGOAN_R15",20.05,16.6,8.25,2838.14
"ICGV05163","ICGV05163","JALGOAN_R15",32,23.9,13.8,3468.18
"ICGV05176","ICGV05176","JALGOAN_R15",7.2,7.6,4.41,1092.9
"ICGV05198","ICGV05198","JALGOAN_R15",8.2,9.95,4.63,1086.9
"ICGV06040","ICGV06040","JALGOAN_R15",18.02,14.33,8.94,3321.78
"ICGV06042","ICGV06042","JALGOAN_R15",27.1,15.2,9.49,2427.73
"ICGV06049","ICGV06049","JALGOAN_R15",14.6,10,6.43,1357.92
"ICGV06099","ICGV06099","JALGOAN_R15",25.7,20.6,13.69,3457.51
"ICGV06110","ICGV06110","JALGOAN_R15",11.4,14.3,7.83,1954.23
"ICGV06142","ICGV06142","JALGOAN_R15",28.5,17.9,10.7,2851.38
"ICGV06175","ICGV06175","JALGOAN_R15",13.7,8.1,4.47,1049.86
"ICGV06188","ICGV06188","JALGOAN_R15",11.5,10.8,6.2,1545.8
"ICGV06234","ICGV06234","JALGOAN_R15",8.3,7.6,4.45,1090.75
"ICGV06347","ICGV06347","JALGOAN_R15",22.7,15.5,9.96,2367.08
"ICGV06420","ICGV06420","JALGOAN_R15",28.4,18.4,11.25,4032.06
"ICGV06422","ICGV06422","JALGOAN_R15",25.4,17.6,10.56,3270.49
"ICGV06423","ICGV06423","JALGOAN_R15",24.5,18.15,10.47,3345.36
"ICGV06424","ICGV06424","JALGOAN_R15",25.9,16.7,10.26,1957.39
"ICGV06431","ICGV06431","JALGOAN_R15",11.8,8.1,4.51,1169.11
"ICGV07023","ICGV07023","JALGOAN_R15",10,5.8,3.29,1130.57
"ICGV07120","ICGV07120","JALGOAN_R15",21.62,15.03,9.53,2865.16
"ICGV07145","ICGV07145","JALGOAN_R15",24.75,16.5,8.87,1270.4
"ICGV07148","ICGV07148","JALGOAN_R15",8.1,5.3,2.55,1794.95
"ICGV07166","ICGV07166","JALGOAN_R15",14.9,7.5,3.79,1213.3
"ICGV07168","ICGV07168","JALGOAN_R15",13.5,7.3,4.61,1358.18
"ICGV07210","ICGV07210","JALGOAN_R15",19.3,9.7,6.23,1196.07
"ICGV07217","ICGV07217","JALGOAN_R15",18.3,8.4,5.19,1120.76
"ICGV07220","ICGV07220","JALGOAN_R15",17.85,9.05,4.71,1078.9
"ICGV07223","ICGV07223","JALGOAN_R15",30,20.45,12.95,3387.26
"ICGV07227","ICGV07227","JALGOAN_R15",10.7,5.9,3.47,1119.04
"ICGV07235","ICGV07235","JALGOAN_R15",25.55,15.58,9.47,3295.99
"ICGV07246","ICGV07246","JALGOAN_R15",18.8,11.1,6.73,2415.73
"ICGV07247","ICGV07247","JALGOAN_R15",35.1,21.1,13.34,3547.86
"ICGV07268","ICGV07268","JALGOAN_R15",20.5,16.68,11.4,3146.3
"ICGV07273","ICGV07273","JALGOAN_R15",12.2,7,4.43,1208.5
"ICGV07359","ICGV07359","JALGOAN_R15",11.4,9.8,4.67,1095.28
"ICGV07368","ICGV07368","JALGOAN_R15",8.9,9.3,4.79,1645.01
"ICGV09112","ICGV09112","JALGOAN_R15",10.5,5.5,3.44,877.05
"ICGV86011","ICGV86011","JALGOAN_R15",20.22,12.48,7.26,1514.54
"ICGV86015","ICGV86015","JALGOAN_R15",13.4,9.6,6.06,1837
"ICGV86072","ICGV86072","JALGOAN_R15",19.6,14.4,8.44,1990.07
"ICGV86143","ICGV86143","JALGOAN_R15",8.1,5.9,3.64,1169.44
"ICGV86325","ICGV86325","JALGOAN_R15",21.8,11.4,7.28,1723.89
"ICGV86352","ICGV86352","JALGOAN_R15",11.8,8.2,4.37,1055.71
"ICGV86564","ICGV86564","JALGOAN_R15",5.6,4.8,2.58,1417.01
"ICGV86590","ICGV86590","JALGOAN_R15",15.8,10.6,5.72,1364.9
"ICGV86699","ICGV86699","JALGOAN_R15",12.2,7.1,4.56,949.6
"ICGV87160","ICGV87160","JALGOAN_R15",10.6,6.8,3.58,577.94
"ICGV87187","ICGV87187","JALGOAN_R15",15.7,8.4,4.95,854.85
"ICGV87354","ICGV87354","JALGOAN_R15",13.2,7.75,2.56,623.4
"ICGV87378","ICGV87378","JALGOAN_R15",18.5,15.4,9.3,1501.19
"ICGV87846","ICGV87846","JALGOAN_R15",13.3,10.3,5.81,2391.35
"ICGV87921","ICGV87921","JALGOAN_R15",22.8,18.6,10.74,3124.26
"ICGV88145","ICGV88145","JALGOAN_R15",16.9,12,7.1,1212.47
"ICGV88438","ICGV88438","JALGOAN_R15",8.7,7.3,3.98,922.78
"ICGV89104","ICGV89104","JALGOAN_R15",11.6,6.48,3.35,850.71
"ICGV90320","ICGV90320","JALGOAN_R15",18.9,13.9,7.58,2448.27
"ICGV91114","ICGV91114","JALGOAN_R15",11.3,7.5,4.58,2270.94
"ICGV91116","ICGV91116","JALGOAN_R15",18.7,13.4,8.93,2017.15
"ICGV92195","ICGV92195","JALGOAN_R15",14.05,5.5,3.06,856.82
"ICGV92267","ICGV92267","JALGOAN_R15",18,12,7.32,1305.35
"ICGV93216","ICGV93216","JALGOAN_R15",12.9,6.7,3.87,727.63
"ICGV93280","ICGV93280","JALGOAN_R15",22,14.8,9.15,1829.11
"ICGV93437","ICGV93437","JALGOAN_R15",10.3,7.05,4.24,930.92
"ICGV93470","ICGV93470","JALGOAN_R15",17.5,8.9,5.57,1083.59
"ICGV93920","ICGV93920","JALGOAN_R15",17.75,8.6,4.93,940.2
"ICGV94118","ICGV94118","JALGOAN_R15",11.6,7.6,4.68,1609.81
"ICGV94169","ICGV94169","JALGOAN_R15",22.8,19.6,12.35,2864.63
"ICGV94361","ICGV94361","JALGOAN_R15",14.5,9.3,5.48,1880.01
"ICGV95058","ICGV95058","JALGOAN_R15",15.5,9.42,6.3,1115.03
"ICGV95070","ICGV95070","JALGOAN_R15",30.5,17.85,11.73,2716.06
"ICGV95290","ICGV95290","JALGOAN_R15",15.5,8.3,5.55,1275.2
"ICGV95377","ICGV95377","JALGOAN_R15",12.2,10.3,5.92,1321.27
"ICGV95469","ICGV95469","JALGOAN_R15",27,14.82,9.7,2440.86
"ICGV96466","ICGV96466","JALGOAN_R15",16.1,11,6.49,1146.89
"ICGV96468","ICGV96468","JALGOAN_R15",16.4,15.95,9.42,2987.8
"ICGV97045","ICGV97045","JALGOAN_R15",7.9,7.5,4.07,845.22
"ICGV97058","ICGV97058","JALGOAN_R15",12,8.7,4.46,2205.29
"ICGV97092","ICGV97092","JALGOAN_R15",19.5,12.1,5.84,2475.1
"ICGV97115","ICGV97115","JALGOAN_R15",12.2,7,3.5,817.85
"ICGV97116","ICGV97116","JALGOAN_R15",9.1,4.9,2.9,1021.73
"ICGV97120","ICGV97120","JALGOAN_R15",12.5,10.1,5.92,1740.85
"ICGV97128","ICGV97128","JALGOAN_R15",22.1,11.9,6.67,1449.88
"ICGV97165","ICGV97165","JALGOAN_R15",6.05,6,2.95,1217.84
"ICGV97182","ICGV97182","JALGOAN_R15",28.3,18.5,10.4,2095.39
"ICGV97183","ICGV97183","JALGOAN_R15",11,8.1,4.43,1542.94
"ICGV97232","ICGV97232","JALGOAN_R15",16.6,10.5,6.72,1266.92
"ICGV97261","ICGV97261","JALGOAN_R15",15.4,9.5,5.57,1665.95
"ICGV97262","ICGV97262","JALGOAN_R15",20.7,11.9,7.46,2046.68
"ICGV98105","ICGV98105","JALGOAN_R15",19.7,11.7,6.55,2099.45
"ICGV98163","ICGV98163","JALGOAN_R15",23.4,13.6,8.27,2272.04
"ICGV98184","ICGV98184","JALGOAN_R15",11.8,6.4,3.13,1501.96
"ICGV98294","ICGV98294","JALGOAN_R15",18.7,14,7.86,2504
"ICGV98373","ICGV98373","JALGOAN_R15",8.6,5.3,2.29,1192.9
"ICGV98432","ICGV98432","JALGOAN_R15",10.4,6.7,3.93,1133.75
"ICGV99029","ICGV99029","JALGOAN_R15",14,9.1,5.23,2070.35
"ICGV99051","ICGV99051","JALGOAN_R15",16,9,4.44,1311.8
"ICGV99052","ICGV99052","JALGOAN_R15",27.6,16.4,8.25,1360.46
"ICGV99083","ICGV99083","JALGOAN_R15",14.6,11.4,4.83,1999.82
"ICGV99085","ICGV99085","JALGOAN_R15",15.8,6.7,4.13,1226.34
"ICGV99160","ICGV99160","JALGOAN_R15",19.9,16.1,9.33,2629.28
"ICGV99181","ICGV99181","JALGOAN_R15",19.9,11.9,7.57,2049.01
"ICGV99195","ICGV99195","JALGOAN_R15",15.8,10.7,6.74,1736.27
"ICGV99233","ICGV99233","JALGOAN_R15",16.5,7.5,4.17,1329.57
"ICR48","ICR48","JALGOAN_R15",21,16.66,10.77,1780.27
"J11","J11","JALGOAN_R15",20.8,12.9,7.94,1638.85
"JL24","JL24","JALGOAN_R15",14.6,10.4,6.48,1345.87
"M110-14","M110-14","JALGOAN_R15",13.7,9,5.22,968.3
"M28-2","M28-2","JALGOAN_R15",16.7,14.4,8.8,2036.01
"MN1-35","MN1-35","JALGOAN_R15",4.45,2.55,1.18,1164.21
"Mutant3","Mutant3","JALGOAN_R15",9,6,3.64,1142.82
"Somnath","Somnath","JALGOAN_R15",16.25,9.1,5.37,1113.08
"TAG24","TAG24","JALGOAN_R15",12.6,7.3,4.04,961.67
"TDG10","TDG10","JALGOAN_R15",17,11,6.65,1111.93
"TDG13","TDG13","JALGOAN_R15",11.6,8.1,5.09,1128.52
"TDG14","TDG14","JALGOAN_R15",23.45,16.5,9.85,1689.17
"TG19","TG19","JALGOAN_R15",17.1,10.4,6.55,1551.34
"TG39","TG39","JALGOAN_R15",15.7,10.6,5.45,1580.42
"TG41","TG41","JALGOAN_R15",21.9,13.8,8.29,1674.42
"TG42","TG42","JALGOAN_R15",16,11.1,6.27,1871.6
"TG49","TG49","JALGOAN_R15",23.6,17.2,10.53,2266.58
"TGLPS3","TGLPS3","JALGOAN_R15",17.4,13.6,8.36,2174.6
"TGLPS4","TGLPS4","JALGOAN_R15",15.7,12.5,6.68,1949.23
"TGLPS7","TGLPS7","JALGOAN_R15",10.3,8.2,4.6,1591.6
"TKG19A","TKG19A","JALGOAN_R15",14.9,8.2,4.94,1460.02
"TMV2","TMV2","JALGOAN_R15",7.9,6.8,4.15,1674.87
"TMV2NLM","TMV2NLM","JALGOAN_R15",15.9,9.3,5.74,907.42
"TPG41","TPG41","JALGOAN_R15",11,10.3,4.95,1658.59
